Date,Home Team,Home Score,Away Team,Away Score
2018-08-17,Lutheran North,0,Lutheran St. Charles,2
2018-08-17,St. Charles West,0,Lutheran St. Charles,2
2018-08-17,John Burroughs,1,Lutheran St. Charles,1
2018-08-17,Parkway South,2,McCluer,0
2018-08-17,Trinity Catholic,2,McCluer,0
2018-08-18,North County,2,Pacific,0
2018-08-18,Festus,2,Pacific,0
2018-08-20,Northeast (Kansas City),0,East (Kansas City),1
2018-08-20,Southeast,0,East (Kansas City),1
2018-08-20,Midway,2,Rich Hill,0
2018-08-20,Sherwood,1,Rich Hill,1
2018-08-20,Central (Kansas City),0,University Academy Charter,2
2018-08-20,Lincoln College Prep,0,University Academy Charter,2
2018-08-21,Bowling Green,1,Fulton,1
2018-08-21,Hannibal,2,Fulton,0
2018-08-21,Mid-Buchanan,2,South Harrison,0
2018-08-21,Archie,2,South Harrison,0
2018-08-23,Adrian,0,Butler,2
2018-08-23,Pembroke Hill,2,Butler,0
2018-08-23,Miami (Amoret),0,Drexel,2
2018-08-23,Adrian,0,Pembroke Hill,2
2018-08-24,Wright City,0,Battle,2
2018-08-24,Greenville,0,Bloomfield,2
2018-08-24,Normandy Collaborative,0,Collegiate School of Med-Bio Science,2
2018-08-24,Eureka,0,Cor Jesu Academy,2
2018-08-24,Hurley,2,Fordland,0
2018-08-24,Pattonville,1,Francis Howell North,2
2018-08-24,Holt,2,Ft. Zumwalt East,0
2018-08-24,Brentwood,2,Gateway,0
2018-08-24,Brentwood,2,Gateway Science Charter,0
2018-08-24,Waynesville,1,Glendale,2
2018-08-24,Ft. Zumwalt South,2,Hazelwood West,0
2018-08-24,Southland,2,Holcomb,0
2018-08-24,Ritenour,0,Incarnate Word Academy,2
2018-08-24,Washington,0,Marquette,2
2018-08-24,Lafayette (Wildwood),0,Oakville,2
2018-08-24,Wheaton,2,Pierce City,0
2018-08-24,North Pemiscot,2,Senath-Hornersville,0
2018-08-24,School of the Ozarks,2,Spokane,1
2018-08-24,Bunker,2,Valley,1
2018-08-24,Cardinal Ritter,0,Valley Park,2
2018-08-24,South Iron,0,Zalma,2
2018-08-25,DeSoto,1,Affton,2
2018-08-25,Parkway South,2,Affton,0
2018-08-25,Pacific,1,Affton,1
2018-08-25,Mehlville,2,Affton,0
2018-08-25,St. Joseph Christian,0,Benton,2
2018-08-25,Helias Catholic,2,Blue Springs South,0
2018-08-25,Kickapoo,0,Blue Springs South,2
2018-08-25,Plato,0,Branson,2
2018-08-25,Father Tolton,0,Branson,2
2018-08-25,Father Tolton,0,Carthage,2
2018-08-25,Reeds Spring,0,Carthage,2
2018-08-25,Lebanon,0,Carthage,2
2018-08-25,Summit Christian Academy,0,Carthage,2
2018-08-25,Fair Grove,0,Carthage,2
2018-08-25,Rockwood Summit,0,Carthage,2
2018-08-25,Summit Christian Academy,2,Central (Springfield),0
2018-08-25,Republic,1,Central (Springfield),1
2018-08-25,Plato,1,Central (Springfield),2
2018-08-25,Branson,2,Central (Springfield),0
2018-08-25,Pacific,2,Clayton,1
2018-08-25,Windsor (Imperial),2,Clayton,0
2018-08-25,St. Pius X (Festus),2,Clayton,0
2018-08-25,Summit Christian Academy,1,Clinton,1
2018-08-25,Republic,1,Clinton,1
2018-08-25,Central (Springfield),1,Clinton,1
2018-08-25,Houston,1,Clinton,2
2018-08-25,Mt. Vernon,1,Clinton,2
2018-08-25,Branson,2,Clinton,0
2018-08-25,Windsor (Imperial),2,DeSoto,0
2018-08-25,Clayton,2,DeSoto,0
2018-08-25,St. Pius X (Festus),2,DeSoto,0
2018-08-25,Marionville,2,Everton,0
2018-08-25,Southwest (Washburn),2,Everton,0
2018-08-25,Miller,2,Everton,0
2018-08-25,Verona,2,Exeter,0
2018-08-25,Sarcoxie,2,Exeter,0
2018-08-25,Winona,0,Fair Grove,2
2018-08-25,Plato,0,Fair Grove,2
2018-08-25,Branson,0,Fair Grove,2
2018-08-25,Visitation Academy,2,Francis Howell North,0
2018-08-25,Lindbergh,2,Francis Howell North,0
2018-08-25,Whitfield,0,Francis Howell North,2
2018-08-25,Incarnate Word Academy,2,Francis Howell North,0
2018-08-25,MICDS,0,Francis Howell North,2
2018-08-25,Verona,2,Golden City,0
2018-08-25,Sarcoxie,2,Golden City,0
2018-08-25,Exeter,0,Golden City,2
2018-08-25,Winona,2,Houston,0
2018-08-25,Mt. Vernon,2,Houston,0
2018-08-25,Visitation Academy,2,Incarnate Word Academy,0
2018-08-25,Springfield Catholic,0,Incarnate Word Academy,2
2018-08-25,Whitfield,0,John Burroughs,2
2018-08-25,Visitation Academy,2,John Burroughs,0
2018-08-25,Helias Catholic,2,Kickapoo,0
2018-08-25,Washington,1,Kirkwood,1
2018-08-25,Westminster Christian Academy,0,Kirkwood,2
2018-08-25,St. Dominic,2,Kirkwood,0
2018-08-25,John Burroughs,2,Ladue Horton Watkins,0
2018-08-25,Webster Groves,2,Ladue Horton Watkins,0
2018-08-25,Whitfield,0,Ladue Horton Watkins,2
2018-08-25,Incarnate Word Academy,2,Ladue Horton Watkins,0
2018-08-25,Father Tolton,0,Lebanon,2
2018-08-25,Visitation Academy,1,Lindbergh,1
2018-08-25,Incarnate Word Academy,0,Lindbergh,2
2018-08-25,Parkway Central,2,Lindbergh,1
2018-08-25,Verona,0,Lockwood,2
2018-08-25,Sarcoxie,2,Lockwood,0
2018-08-25,Golden City,0,Lockwood,2
2018-08-25,Exeter,0,Lockwood,2
2018-08-25,Miller,2,Lockwood,0
2018-08-25,Parkway West,1,Lutheran South,1
2018-08-25,Westminster Christian Academy,0,Lutheran South,2
2018-08-25,St. Joseph's Academy,1,Lutheran South,1
2018-08-25,St. Dominic,2,Lutheran South,0
2018-08-25,Sarcoxie,2,Marionville,0
2018-08-25,Southwest (Washburn),0,Marionville,2
2018-08-25,Miller,2,Marionville,0
2018-08-25,Parkway South,1,Mehlville,1
2018-08-25,Pacific,0,Mehlville,2
2018-08-25,Windsor (Imperial),1,Mehlville,2
2018-08-25,St. Pius X (Festus),2,Mehlville,1
2018-08-25,Veritas Christian Academy,2,MICDS,0
2018-08-25,Springfield Catholic,0,MICDS,2
2018-08-25,Sarcoxie,0,Miller,2
2018-08-25,Southwest (Washburn),0,Miller,2
2018-08-25,Winona,2,Mt. Vernon,0
2018-08-25,Rock Port,2,Nodaway-Holt,0
2018-08-25,St. James,2,Nodaway-Holt,1
2018-08-25,Veritas Christian Academy,1,Parkway Central,1
2018-08-25,Webster Groves,2,Parkway Central,0
2018-08-25,Springfield Catholic,0,Parkway Central,2
2018-08-25,MICDS,0,Parkway Central,2
2018-08-25,Pacific,0,Parkway South,2
2018-08-25,St. Pius X (Festus),2,Parkway South,1
2018-08-25,Windsor (Imperial),2,Parkway South,1
2018-08-25,Westminster Christian Academy,0,Parkway West,2
2018-08-25,Washington,2,Parkway West,1
2018-08-25,St. Joseph's Academy,2,Parkway West,0
2018-08-25,Marionville,2,Purdy,0
2018-08-25,Everton,0,Purdy,2
2018-08-25,Miller,2,Purdy,0
2018-08-25,Southwest (Washburn),2,Purdy,0
2018-08-25,Father Tolton,0,Reeds Spring,2
2018-08-25,Lebanon,2,Reeds Spring,0
2018-08-25,Mt. Vernon,2,Reeds Spring,1
2018-08-25,Summit Christian Academy,1,Republic,1
2018-08-25,St. Joseph Christian,0,Rock Port,2
2018-08-25,Winona,0,Rockwood Summit,2
2018-08-25,Republic,1,Rockwood Summit,2
2018-08-25,Houston,0,Rockwood Summit,2
2018-08-25,Lebanon,0,Rockwood Summit,2
2018-08-25,Mt. Vernon,0,Rockwood Summit,2
2018-08-25,Veritas Christian Academy,2,Springfield Catholic,0
2018-08-25,Verona,0,Sarcoxie,2
2018-08-25,Verona,2,Southwest (Washburn),0
2018-08-25,St. Joseph's Academy,2,St. Dominic,0
2018-08-25,Westminster Christian Academy,0,St. Joseph's Academy,2
2018-08-25,Veritas Christian Academy,2,Visitation Academy,0
2018-08-25,St. Dominic,0,Washington,2
2018-08-25,John Burroughs,0,Webster Groves,2
2018-08-25,Veritas Christian Academy,2,Webster Groves,1
2018-08-25,Whitfield,0,Webster Groves,2
2018-08-25,Helias Catholic,2,Willard,1
2018-08-25,St. Pius X (Festus),1,Windsor (Imperial),1
2018-08-25,Branson,0,Winnetonka,2
2018-08-25,Plato,0,Winnetonka,2
2018-08-25,Lebanon,2,Winnetonka,1
2018-08-25,Fair Grove,2,Winnetonka,0
2018-08-27,Union,0,Ava,2
2018-08-27,Kirksville,0,Battle,2
2018-08-27,Meadow Heights,2,Bell City,0
2018-08-27,Zalma,2,Bell City,0
2018-08-27,Greenville,1,Bell City,1
2018-08-27,Richland (Essex),0,Bernie,2
2018-08-27,Rock Port,0,Bishop LeBlond,2
2018-08-27,Hallsville,2,Brookfield,0
2018-08-27,La Monte,2,Bunceton,0
2018-08-27,Portageville,0,Campbell,2
2018-08-27,Odessa,2,Center,0
2018-08-27,Sikeston,2,Central (Cape Girardeau),1
2018-08-27,Father Tolton,2,Centralia,0
2018-08-27,Senath-Hornersville,1,Clarkton,2
2018-08-27,Santa Fe,2,Concordia,0
2018-08-27,Green Ridge,2,Concordia,0
2018-08-27,Charleston,0,Cooter,2
2018-08-27,Arcadia Valley,2,Dexter,0
2018-08-27,Osage,2,Dixon,0
2018-08-27,Belle,0,Eugene,2
2018-08-27,Veritas Christian Academy,2,Eureka,1
2018-08-27,St. Pius X (Kansas City),2,Excelsior Springs,0
2018-08-27,St. Charles,0,Ft. Zumwalt North,2
2018-08-27,Timberland,0,Ft. Zumwalt West,2
2018-08-27,Santa Fe,2,Green Ridge,1
2018-08-27,Meadow Heights,1,Greenville,1
2018-08-27,Zalma,1,Greenville,1
2018-08-27,East (Kansas City),2,Guadalupe Centers Charter,1
2018-08-27,Holcomb,2,Hayti,0
2018-08-27,Trinity Catholic,1,Hazelwood West,2
2018-08-27,Fatima,1,Hickman,2
2018-08-27,Potosi,0,Hillsboro,2
2018-08-27,Helias Catholic,2,Jefferson City,0
2018-08-27,Jefferson (Festus),2,Kingston,0
2018-08-27,Francis Howell Central,2,Kirkwood,1
2018-08-27,Cuba,0,Linn,2
2018-08-27,Metro,0,Lutheran North,2
2018-08-27,Carrollton,0,Marshall,2
2018-08-27,Riverview Gardens,0,McCluer North,2
2018-08-27,Zalma,2,Meadow Heights,0
2018-08-27,Galena,0,Miller,2
2018-08-27,Crane,2,Monett,0
2018-08-27,Hermann,2,Montgomery County,0
2018-08-27,Lincoln College Prep,2,Northeast (Kansas City),0
2018-08-27,Lakeland,2,Northeast Vernon County,0
2018-08-27,Crest Ridge,2,Northwest (Hughesville),0
2018-08-27,Farmington,2,Notre Dame (Cape Girardeau),0
2018-08-27,Westminster Christian Academy,0,Notre Dame (St. Louis),2
2018-08-27,Kirkwood,0,Oakville,2
2018-08-27,Kennett,2,Oran,0
2018-08-27,Billings,2,Pierce City,0
2018-08-27,East Newton,2,Purdy,0
2018-08-27,Camdenton,2,Republic,1
2018-08-27,Central (Springfield),0,Rolla,2
2018-08-27,Lutheran St. Charles,2,Springfield Catholic,1
2018-08-27,North Callaway,2,Sarcoxie,1
2018-08-27,New Covenant Academy,1,Sarcoxie,2
2018-08-27,Sparta,2,Savannah,0
2018-08-27,Niangua,0,School of the Ozarks,2
2018-08-27,Fredericktown,0,Seneca,2
2018-08-27,Buffalo,2,Sherwood,0
2018-08-27,Windsor,1,Skyline,2
2018-08-27,East Buchanan,2,St. James,0
2018-08-27,St. Clair,1,Summersville,2
2018-08-27,Cristo Rey,2,Southeast,0
2018-08-27,Mexico,0,Southern Boone,2
2018-08-27,Caruthersville,0,Southland,2
2018-08-27,Marionville,0,Spokane,2
2018-08-27,Bourbon,0,St. Clair,2
2018-08-27,New Haven,0,St. Joseph's Academy,2
2018-08-27,Lafayette (Wildwood),2,St. Joseph's Academy,1
2018-08-27,Notre Dame de Sion,1,St. Michael the Archangel,2
2018-08-27,St. James,0,Warsaw,2
2018-08-27,Eldon,2,Tipton,0
2018-08-27,Cameron,2,Trenton,0
2018-08-27,Lindbergh,2,Ursuline Academy,0
2018-08-27,Crystal City,2,Valley,1
2018-08-27,Warrensburg,2,Versailles,0
2018-08-27,Webb City,2,Whitfield,1
2018-08-27,Central (Park Hills),2,Windsor (Imperial),0
2018-08-27,Bowling Green,0,Winfield,2
2018-08-28,Clinton,2,Adrian,0
2018-08-28,Central (Park Hills),1,Arcadia Valley,2
2018-08-28,Sherwood,2,Archie,1
2018-08-28,Springfield Catholic,0,Ava,2
2018-08-28,Midway,0,Barstow,2
2018-08-28,Crossroads College Preparatory,2,Bayless,0
2018-08-28,Valley Park,1,Bayless,1
2018-08-28,Principia,2,Bayless,0
2018-08-28,Calvary Lutheran,2,Belle,0
2018-08-28,Sikeston,0,Bernie,2
2018-08-28,New Heights Christian,0,Billings,2
2018-08-28,DeSoto,2,Bismarck,1
2018-08-28,Lee's Summit,0,Blue Springs,2
2018-08-28,Osceola,2,Bolivar,0
2018-08-28,Southern Boone,2,Boonville,1
2018-08-28,Chadwick,2,Bradleyville,0
2018-08-28,Gateway Science Charter,0,Brentwood,2
2018-08-28,Hancock,0,Brentwood,2
2018-08-28,Maplewood-Richmond Hts.,2,Brentwood,0
2018-08-28,Warsaw,0,Buffalo,2
2018-08-28,Otterville,2,Bunceton,0
2018-08-28,Linn,0,California,2
2018-08-28,Eldon,2,Camdenton,1
2018-08-28,Kennett,0,Campbell,2
2018-08-28,Santa Fe,2,Carrollton,0
2018-08-28,McDonald County,0,Carthage,2
2018-08-28,Blue Eye,2,Cassville,1
2018-08-28,Southeast,0,Central (Kansas City),2
2018-08-28,Savannah,0,Central (St. Joseph),2
2018-08-28,Caruthersville,2,Charleston,0
2018-08-28,Eminence,2,Clearwater,0
2018-08-28,Crane,1,Clever,2
2018-08-28,Holden,0,Cole Camp,2
2018-08-28,Clarkton,2,Cooter,0
2018-08-28,Principia,0,Crossroads College Preparatory,2
2018-08-28,New Haven,1,Cuba,2
2018-08-28,Ewing Marion Kauffman,0,East (Kansas City),2
2018-08-28,Maryville,2,East Buchanan,0
2018-08-28,Eugene,0,Fatima,2
2018-08-28,Cabool,2,Fordland,0
2018-08-28,Winfield,0,Ft. Zumwalt South,2
2018-08-28,Ft. Zumwalt East,0,Ft. Zumwalt West,2
2018-08-28,Centralia,2,Fulton,1
2018-08-28,Jasper,0,Golden City,2
2018-08-28,Belton,2,Grandview,0
2018-08-28,Seneca,0,Grandview (Hillsboro),2
2018-08-28,Thomas Jefferson Independent Day,1,Greenfield,2
2018-08-28,Gateway Science Charter,2,Hancock,0
2018-08-28,Center,0,Harrisonville,2
2018-08-28,Malden,2,Hayti,0
2018-08-28,John Burroughs,2,Hazelwood Central,0
2018-08-28,Parkway North,0,Hazelwood West,2
2018-08-28,St. Joseph's Academy,0,Helias Catholic,2
2018-08-28,Fredericktown,1,Herculaneum,2
2018-08-28,Willow Springs,1,Hillcrest,2
2018-08-28,Seckman,1,Jefferson (Festus),2
2018-08-28,Raymore-Peculiar,2,Kearney,0
2018-08-28,Logan-Rogersville,2,Kickapoo,1
2018-08-28,Marshall,0,Kirksville,2
2018-08-28,St. Paul Lutheran (Concordia),2,Knob Noster,0
2018-08-28,Thayer,2,Koshkonong,0
2018-08-28,Pattonville,2,Ladue Horton Watkins,0
2018-08-28,Versailles,0,Lafayette (St. Joseph),2
2018-08-28,Aurora,2,Lamar,0
2018-08-28,Republic,0,Lebanon,2
2018-08-28,Liberty North,2,Lee's Summit North,0
2018-08-28,Saxony Lutheran,0,Leopold,2
2018-08-28,Woodland,2,Leopold,0
2018-08-28,Oak Ridge,1,Leopold,1
2018-08-28,Valley,0,Lesterville,2
2018-08-28,Park Hill,1,Liberty,2
2018-08-28,Willard,2,Liberty (Mountain View),0
2018-08-28,Houston,0,Licking,2
2018-08-28,University Academy Charter,0,Lincoln College Prep,2
2018-08-28,Cor Jesu Academy,2,Lindbergh,0
2018-08-28,Hollister,2,Lockwood,0
2018-08-28,Lafayette County,2,Lone Jack,0
2018-08-28,Drexel,0,Lutheran (Kansas City),2
2018-08-28,Hancock,0,Maplewood-Richmond Hts.,2
2018-08-28,Gateway Science Charter,0,Maplewood-Richmond Hts.,2
2018-08-28,Parkway Central,0,Marquette,2
2018-08-28,Carnahan,0,Metro,2
2018-08-28,Rich Hill,2,Miami (Amoret),0
2018-08-28,Webster Groves,2,MICDS,0
2018-08-28,Bishop LeBlond,2,Mid-Buchanan,0
2018-08-28,Waynesville,0,Miller Career Academy,2
2018-08-28,Diamond,0,Monett,2
2018-08-28,Conway,0,Mountain Grove,2
2018-08-28,Fair Grove,2,Mt. Vernon,0
2018-08-28,Seneca,2,Neosho,0
2018-08-28,North Platte,2,Nodaway-Holt,0
2018-08-28,South Harrison,0,Nodaway-Holt,2
2018-08-28,Confluence Prep Academy Charter,1,Normandy Collaborative,2
2018-08-28,South Harrison,0,North Platte,2
2018-08-28,Hillsboro,0,Northwest (Cedar Hill),2
2018-08-28,St. Dominic,2,Notre Dame (St. Louis),0
2018-08-28,St. Michael the Archangel,1,Oak Grove,2
2018-08-28,Staley,2,Oak Park,1
2018-08-28,Saxony Lutheran,0,Oak Ridge,2
2018-08-28,Woodland,2,Oak Ridge,0
2018-08-28,Kirkwood,0,Oakville,2
2018-08-28,Willard,0,Osage,2
2018-08-28,Glendale,0,Ozark,2
2018-08-28,Blue Springs South,2,Park Hill South,0
2018-08-28,Joplin,1,Parkview,2
2018-08-28,Nerinx Hall,0,Parkway West,2
2018-08-28,Lee's Summit West,1,Platte County,2
2018-08-28,Everton,0,Pleasant Hope,2
2018-08-28,Union,0,Potosi,2
2018-08-28,Poplar Bluff,2,Puxico,0
2018-08-28,North Kansas City,2,Raytown South,0
2018-08-28,Excelsior Springs,2,Richmond,0
2018-08-28,Jefferson City,2,Rock Bridge,0
2018-08-28,Fox,0,Rockwood Summit,2
2018-08-28,Gateway,2,Roosevelt,0
2018-08-28,Father Tolton,0,Sacred Heart,2
2018-08-28,St. James,2,Salem,0
2018-08-28,McAuley Catholic,2,Sarcoxie,1
2018-08-28,Portageville,2,Senath-Hornersville,0
2018-08-28,Forsyth,0,Skyline,2
2018-08-28,Crest Ridge,2,Smithton,1
2018-08-28,St. Paul Lutheran (Farmington),0,South Iron,3
2018-08-28,North Pemiscot,2,Summersville,0
2018-08-28,Galena,0,Southwest (Washburn),2
2018-08-28,Winona,2,Spokane,0
2018-08-28,Jackson,2,St. Vincent,0
2018-08-28,Festus,2,Ste. Genevieve,1
2018-08-28,Ash Grove,2,Stockton,0
2018-08-28,Blair Oaks,2,Webb City,1
2018-08-28,Bunker,0,Wright City,2
2018-08-28,Washington,2,Timberland,0
2018-08-28,Lawson,2,Trenton,0
2018-08-28,Liberty (Wentzville),2,Troy Buchanan,0
2018-08-28,McCluer North,2,University City,0
2018-08-28,Perryville,2,Valle Catholic,0
2018-08-28,Principia,1,Valley Park,1
2018-08-28,Crossroads College Preparatory,2,Valley Park,0
2018-08-28,Bishop DuBourg,0,Veritas Christian Academy,2
2018-08-28,Hurley,2,Verona,0
2018-08-28,Kingston,0,Viburnum,2
2018-08-28,Lafayette (Wildwood),2,Villa Duchesne,0
2018-08-28,Bowling Green,0,Warrenton,2
2018-08-28,Lexington,1,Wellington-Napoleon,2
2018-08-28,Ellington,0,West County,2
2018-08-28,Sheldon,0,Wheaton,2
2018-08-28,Northeast Vernon County,1,Wheaton,2
2018-08-28,St. Charles,2,William Chrisman,0
2018-08-28,Kingsville,0,Windsor,2
2018-08-28,Fort Osage,1,Winnetonka,2
2018-08-28,Saxony Lutheran,2,Woodland,0
2018-08-29,Maplewood-Richmond Hts.,2,Bayless,0
2018-08-29,Gateway Science Charter,1,Bayless,2
2018-08-29,Valley Park,0,Brentwood,2
2018-08-29,Mehlville,0,Cor Jesu Academy,2
2018-08-29,Savannah,0,Excelsior Springs,2
2018-08-29,Crossroads College Preparatory,2,Hancock,1
2018-08-29,Valley Park,2,Hancock,1
2018-08-29,Westminster Christian Academy,0,Incarnate Word Academy,2
2018-08-29,Oak Ridge,2,Meadow Heights,0
2018-08-29,Warrenton,2,Montgomery County,1
2018-08-29,Poplar Bluff,2,North County,1
2018-08-29,Chilhowee,0,Northwest (Hughesville),2
2018-08-29,Affton,0,Oakville,2
2018-08-29,Fox,0,Pacific,2
2018-08-29,Gateway Science Charter,0,Principia,2
2018-08-29,Raytown,0,Raymore-Peculiar,2
2018-08-29,Hazelwood Central,2,Riverview Gardens,0
2018-08-29,Lutheran South,2,Springfield Catholic,0
2018-08-29,Notre Dame (Cape Girardeau),2,Sikeston,0
2018-08-29,Ft. Zumwalt North,2,St. Charles West,0
2018-08-29,Visitation Academy,1,St. Dominic,2
2018-08-29,Pembroke Hill,1,St. Pius X (Kansas City),2
2018-08-29,Orchard Farm,2,Wright City,0
2018-08-30,Lesterville,0,Arcadia Valley,2
2018-08-30,Clever,2,Aurora,0
2018-08-30,Calvary Lutheran,2,Battle,0
2018-08-30,Valley Park,2,Bayless,0
2018-08-30,Woodland,2,Bell City,0
2018-08-30,Lutheran St. Charles,2,Bishop DuBourg,0
2018-08-30,Central (St. Joseph),0,Blue Springs South,2
2018-08-30,Clinton,1,Bolivar,2
2018-08-30,California,2,Boonville,1
2018-08-30,Kingston,2,Bourbon,1
2018-08-30,Lebanon,2,Branson,0
2018-08-30,Crossroads College Preparatory,2,Brentwood,0
2018-08-30,Principia,1,Brentwood,2
2018-08-30,Cooter,0,Campbell,2
2018-08-30,Collegiate School of Med-Bio Science,2,Carnahan,0
2018-08-30,Wellington-Napoleon,2,Carrollton,0
2018-08-30,Carthage,2,Cassville,0
2018-08-30,Valle Catholic,0,Central (Park Hills),2
2018-08-30,Monett,0,Central (Springfield),2
2018-08-30,Brookfield,0,Centralia,2
2018-08-30,Kingsville,2,Chilhowee,0
2018-08-30,Miami (Amoret),2,Chilhowee,0
2018-08-30,Ellington,2,Clearwater,0
2018-08-30,Smithton,0,Concordia,2
2018-08-30,Plato,2,Conway,0
2018-08-30,Sacred Heart,2,Crest Ridge,1
2018-08-30,Bismarck,2,Crystal City,0
2018-08-30,Houston,2,Cuba,0
2018-08-30,North County,2,DeSoto,1
2018-08-30,McDonald County,0,Diamond,2
2018-08-30,Neosho,1,East Newton,2
2018-08-30,Osceola,2,El Dorado Springs,0
2018-08-30,Viburnum,0,Eminence,2
2018-08-30,Buffalo,0,Fair Grove,2
2018-08-30,Festus,0,Farmington,2
2018-08-30,Eugene,1,Father Tolton,2
2018-08-30,Crane,2,Fordland,0
2018-08-30,Winona,2,Forsyth,0
2018-08-30,Troy Buchanan,0,Francis Howell,2
2018-08-30,Francis Howell Central,2,Francis Howell North,1
2018-08-30,Ft. Zumwalt East,0,Ft. Zumwalt North,2
2018-08-30,Niangua,0,Galena,2
2018-08-30,Nixa,2,Glendale,0
2018-08-30,Verona,0,Golden City,2
2018-08-30,Fort Osage,1,Grain Valley,2
2018-08-30,Ash Grove,2,Greenfield,0
2018-08-30,Leopold,2,Greenville,0
2018-08-30,Cristo Rey,3,Guadalupe Centers Charter,0
2018-08-30,Bunceton,0,Hallsville,2
2018-08-30,Belton,3,Harrisonville,2
2018-08-30,Central (New Madrid County),2,Hayti,0
2018-08-30,Pleasant Hill,0,Helias Catholic,2
2018-08-30,West County,1,Herculaneum,2
2018-08-30,Willard,2,Hillcrest,0
2018-08-30,North Pemiscot,2,Holcomb,1
2018-08-30,Barstow,2,Holden,0
2018-08-30,Spokane,2,Hollister,1
2018-08-30,Ft. Zumwalt West,2,Holt,1
2018-08-30,Dexter,0,Jackson,2
2018-08-30,McAuley Catholic,2,Jasper,1
2018-08-30,Hermann,2,Jefferson City,0
2018-08-30,Visitation Academy,2,John Burroughs,0
2018-08-30,Charleston,0,Kennett,2
2018-08-30,Republic,0,Kickapoo,2
2018-08-30,Miami (Amoret),0,Kingsville,2
2018-08-30,Northwest (Cedar Hill),0,Lafayette (Wildwood),2
2018-08-30,St. Paul Lutheran (Concordia),2,Lafayette County,0
2018-08-30,Calhoun,0,Lakeland,2
2018-08-30,Stockton,0,Lamar,2
2018-08-30,Cameron,1,Lawson,2
2018-08-30,William Chrisman,0,Lee's Summit North,2
2018-08-30,West Plains,0,Liberty (Mountain View),2
2018-08-30,Timberland,2,Liberty (Wentzville),0
2018-08-30,Kearney,2,Liberty North,1
2018-08-30,Skyline,0,Lincoln,0
2018-08-30,New Heights Christian,2,Lockwood,0
2018-08-30,Archie,2,Lone Jack,0
2018-08-30,Notre Dame (St. Louis),0,Lutheran South,2
2018-08-30,Crossroads College Preparatory,0,Maplewood-Richmond Hts.,2
2018-08-30,Principia,0,Maplewood-Richmond Hts.,2
2018-08-30,Southwest (Washburn),0,Marionville,2
2018-08-30,Fulton,0,Marshall,2
2018-08-30,Waynesville,1,Marshfield,2
2018-08-30,South Harrison,0,Maryville,2
2018-08-30,Cardinal Ritter,1,McCluer South-Berkeley,2
2018-08-30,Miller Career Academy,2,McKinley Classical Leadership,0
2018-08-30,Oak Ridge,2,Meadow Heights,1
2018-08-30,Kirksville,2,Mexico,0
2018-08-30,Parkway South,2,MICDS,0
2018-08-30,Butler,2,Midway,0
2018-08-30,Thomas Jefferson Independent Day,0,Miller,2
2018-08-30,Villa Duchesne,0,Nerinx Hall,2
2018-08-30,Mt. Vernon,1,Nevada,2
2018-08-30,Pleasant Hope,0,New Covenant Academy,2
2018-08-30,Belle,0,New Haven,2
2018-08-30,Montgomery County,2,North Callaway,0
2018-08-30,Winnetonka,2,North Kansas City,0
2018-08-30,Nodaway-Holt,2,North Nodaway,0
2018-08-30,St. James,1,North Platte,2
2018-08-30,East (Kansas City),1,Northeast (Kansas City),2
2018-08-30,Lee's Summit,2,Notre Dame de Sion,0
2018-08-30,Savannah,2,Odessa,1
2018-08-30,West Platte,2,Orrick,0
2018-08-30,Blair Oaks,2,Osage,0
2018-08-30,Linn,0,Owensville,2
2018-08-30,Platte County,3,Park Hill,0
2018-08-30,Springfield Catholic,0,Parkview,2
2018-08-30,Ladue Horton Watkins,1,Parkway West,2
2018-08-30,Penney,0,Plattsburg,2
2018-08-30,Pierce City,2,Purdy,1
2018-08-30,Raytown,0,Raytown South,2
2018-08-30,Lutheran (Kansas City),2,Rich Hill,0
2018-08-30,Camdenton,2,Rock Bridge,1
2018-08-30,Hickman,2,Rolla,1
2018-08-30,Duchesne,2,Springfield Catholic,0
2018-08-30,Center,2,Ruskin,0
2018-08-30,La Monte,2,Sarcoxie,1
2018-08-30,Bunker,0,Salem,2
2018-08-30,Bradleyville,0,School of the Ozarks,2
2018-08-30,Pacific,0,Seckman,2
2018-08-30,Reeds Spring,2,Seneca,0
2018-08-30,Bronaugh,0,Sheldon,2
2018-08-30,Oak Park,2,Sparta,0
2018-08-30,Fredericktown,2,South Iron,0
2018-08-30,Malden,2,Summersville,1
2018-08-30,Exeter,0,Union,2
2018-08-30,Potosi,1,St. Clair,2
2018-08-30,Incarnate Word Academy,1,St. Joseph's Academy,2
2018-08-30,Valley,2,St. Paul Lutheran (Farmington),1
2018-08-30,Blue Springs,2,Staley,1
2018-08-30,Richmond,0,Summit Christian Academy,2
2018-08-30,Wright City,2,Thayer,0
2018-08-30,Versailles,2,Tipton,0
2018-08-30,Chillicothe,2,Trenton,1
2018-08-30,Veritas Christian Academy,2,Trinity Catholic,0
2018-08-30,Raymore-Peculiar,2,St. Charles,0
2018-08-30,Kirkwood,0,Ursuline Academy,2
2018-08-30,Grandview,2,Versailles,1
2018-08-30,Metro,2,Waynesville,0
2018-08-30,St. Michael the Archangel,2,Warrensburg,0
2018-08-30,St. Charles West,0,Warrenton,2
2018-08-30,Sherwood,2,Warsaw,0
2018-08-30,Ft. Zumwalt South,1,Washington,2
2018-08-30,Parkway Central,2,Whitfield,0
2018-08-30,Union,0,Windsor (Imperial),2
2018-08-30,Orchard Farm,2,Winfield,0
2018-08-30,Licking,2,Winona,0
2018-08-30,Bowling Green,1,Wright City,2
2018-08-30,Saxony Lutheran,2,Zalma,0
2018-08-31,Richland (Essex),0,Advance,2
2018-08-31,Reeds Spring,2,Blue Eye,0
2018-08-31,Holcomb,2,Delta (Deering),1
2018-08-31,Warsaw,2,Dixon,0
2018-08-31,Viburnum,2,Ellington,1
2018-08-31,Willard,0,Eugene,2
2018-08-31,Oakville,0,Eureka,2
2018-08-31,Columbia Independent,0,Eureka,2
2018-08-31,Incarnate Word Academy,2,Farmington,0
2018-08-31,Lutheran St. Charles,2,Father Tolton,0
2018-08-31,Chadwick,0,Fordland,2
2018-08-31,Oak Ridge,0,Leopold,2
2018-08-31,Saxony Lutheran,1,Leopold,2
2018-08-31,Rockwood Summit,2,Marquette,1
2018-08-31,Duchesne,0,MICDS,2
2018-08-31,Hurley,2,Niangua,0
2018-08-31,Woodland,2,Oak Ridge,0
2018-08-31,Parkway West,2,Parkway North,0
2018-08-31,Webster Groves,2,Pattonville,0
2018-08-31,Senath-Hornersville,1,Southland,2
2018-08-31,Saxony Lutheran,2,Woodland,1
2018-09-01,Harrisonville,1,Adrian,2
2018-09-01,Skyline,0,Adrian,2
2018-09-01,Lutheran (Kansas City),2,Adrian,1
2018-09-01,Oak Grove,0,Adrian,2
2018-09-01,Sherwood,0,Adrian,2
2018-09-01,St. Paul Lutheran (Concordia),1,Boonville,1
2018-09-01,Skyline,1,Boonville,2
2018-09-01,Lutheran (Kansas City),2,Boonville,0
2018-09-01,Lone Jack,0,Boonville,2
2018-09-01,Lexington,0,Boonville,2
2018-09-01,Galena,2,Chadwick,0
2018-09-01,Springfield Catholic,2,Chadwick,0
2018-09-01,School of the Ozarks,2,Chadwick,0
2018-09-01,Hurley,2,Chadwick,0
2018-09-01,Nerinx Hall,0,Farmington,2
2018-09-01,Incarnate Word Academy,0,Francis Howell,2
2018-09-01,Oakville,1,Francis Howell,2
2018-09-01,School of the Ozarks,2,Galena,0
2018-09-01,Springfield Catholic,2,Galena,0
2018-09-01,Spokane,2,Galena,0
2018-09-01,Holden,0,Harrisonville,2
2018-09-01,Fort Osage,1,Harrisonville,1
2018-09-01,Lexington,1,Harrisonville,1
2018-09-01,Lone Jack,0,Holden,2
2018-09-01,Sherwood,0,Holden,2
2018-09-01,Lexington,2,Holden,0
2018-09-01,Fort Osage,2,Holden,0
2018-09-01,Spokane,1,Hurley,1
2018-09-01,Springfield Catholic,0,Hurley,2
2018-09-01,School of the Ozarks,2,Hurley,1
2018-09-01,Fort Osage,2,Lexington,0
2018-09-01,St. Paul Lutheran (Concordia),2,Lone Jack,0
2018-09-01,Lutheran (Kansas City),2,Lone Jack,0
2018-09-01,St. Paul Lutheran (Concordia),1,Lutheran (Kansas City),1
2018-09-01,Fort Osage,2,Lutheran (Kansas City),0
2018-09-01,Skyline,0,Oak Grove,2
2018-09-01,Lutheran (Kansas City),2,Oak Grove,0
2018-09-01,Sherwood,0,Oak Grove,2
2018-09-01,Skyline,2,Sherwood,0
2018-09-01,School of the Ozarks,2,Spokane,1
2018-09-01,Springfield Catholic,0,Spokane,2
2018-09-01,School of the Ozarks,2,Springfield Catholic,0
2018-09-01,Fort Osage,2,St. Paul Lutheran (Concordia),0
2018-09-03,Father Tolton,2,Fulton,1
2018-09-03,Benton,2,Maryville,0
2018-09-03,Cabool,2,Thayer,0
2018-09-04,Crest Ridge,0,Adrian,2
2018-09-04,Springfield Catholic,0,Ash Grove,2
2018-09-04,Hume,2,Ballard,1
2018-09-04,Miami (Amoret),0,Ballard,2
2018-09-04,Lebanon,2,Battle,0
2018-09-04,Zalma,1,Bell City,2
2018-09-04,Ruskin,0,Belton,2
2018-09-04,Purdy,0,Billings,2
2018-09-04,New Haven,0,Blair Oaks,2
2018-09-04,Richland (Essex),0,Bloomfield,2
2018-09-04,Grain Valley,0,Blue Springs South,2
2018-09-04,Stockton,2,Bolivar,0
2018-09-04,Cuba,2,Bourbon,0
2018-09-04,Montgomery County,2,Bowling Green,0
2018-09-04,Parkview,0,Branson,2
2018-09-04,Affton,2,Brentwood,0
2018-09-04,Conway,0,Buffalo,2
2018-09-04,El Dorado Springs,2,Butler,0
2018-09-04,Kingsville,2,Calhoun,0
2018-09-04,Chilhowee,2,Calhoun,1
2018-09-04,Bernie,2,Campbell,0
2018-09-04,Notre Dame (St. Louis),2,Cardinal Ritter,0
2018-09-04,Aurora,1,Carthage,2
2018-09-04,Spokane,1,Cassville,2
2018-09-04,St. Pius X (Kansas City),2,Center,0
2018-09-04,Hogan Prep Academy Charter,2,Central (Kansas City),0
2018-09-04,Wright City,1,Centralia,2
2018-09-04,Niangua,0,Chadwick,2
2018-09-04,Oak Ridge,2,Charleston,0
2018-09-04,Kingsville,2,Chilhowee,0
2018-09-04,Brookfield,0,Chillicothe,2
2018-09-04,Reeds Spring,0,Clever,2
2018-09-04,Knob Noster,0,Clinton,2
2018-09-04,Osage,1,Cole Camp,2
2018-09-04,Delta (Deering),0,Cooter,2
2018-09-04,Crossroads College Preparatory,1,Crystal City,2
2018-09-04,Central (Park Hills),2,DeSoto,0
2018-09-04,St. Clair,0,Doniphan,2
2018-09-04,Ballard,0,Drexel,2
2018-09-04,Miami (Amoret),0,Drexel,2
2018-09-04,Hume,2,Drexel,1
2018-09-04,Diamond,2,East Newton,1
2018-09-04,Mexico,1,Eldon,2
2018-09-04,Lesterville,2,Ellington,0
2018-09-04,Cameron,0,Excelsior Springs,2
2018-09-04,Thomas Jefferson Independent Day,1,Exeter,2
2018-09-04,School of the Ozarks,2,Forsyth,0
2018-09-04,Ladue Horton Watkins,2,Fox,0
2018-09-04,Timberland,2,Francis Howell North,0
2018-09-04,Hazelwood West,0,Ft. Zumwalt North,2
2018-09-04,Francis Howell Central,1,Ft. Zumwalt South,1
2018-09-04,North Callaway,0,Fulton,2
2018-09-04,Pleasant Hope,0,Golden City,2
2018-09-04,Everton,0,Greenfield,2
2018-09-04,St. Paul Lutheran (Farmington),2,Greenville,1
2018-09-04,Boonville,0,Hickman,2
2018-09-04,Rock Bridge,2,Hillcrest,0
2018-09-04,Farmington,2,Hillsboro,1
2018-09-04,Senath-Hornersville,2,Holcomb,1
2018-09-04,Oak Grove,2,Holden,0
2018-09-04,Ava,0,Hollister,2
2018-09-04,Wright City,0,Houston,2
2018-09-04,Miami (Amoret),0,Hume,2
2018-09-04,Bradleyville,0,Hurley,2
2018-09-04,Poplar Bluff,1,Jackson,2
2018-09-04,Bronaugh,0,Jasper,2
2018-09-04,Ste. Genevieve,0,Jefferson (Festus),2
2018-09-04,Savannah,0,Jefferson City,2
2018-09-04,McDonald County,0,Joplin,2
2018-09-04,Hallsville,0,Kirksville,2
2018-09-04,Carrollton,0,Lawson,2
2018-09-04,Lone Jack,2,Lexington,0
2018-09-04,Lamar,2,Liberal,0
2018-09-04,Blue Springs,1,Liberty,2
2018-09-04,Whitfield,0,Liberty,2
2018-09-04,Central (St. Joseph),0,Liberty North,2
2018-09-04,Mountain Grove,0,Licking,2
2018-09-04,Fatima,2,Linn,0
2018-09-04,Central (New Madrid County),0,Malden,2
2018-09-04,Fair Grove,2,Marshfield,1
2018-09-04,Rich Hill,0,McAuley Catholic,2
2018-09-04,Jennings,2,McCluer South-Berkeley,0
2018-09-04,Nerinx Hall,0,Mehlville,2
2018-09-04,McKinley Classical Leadership,0,Metro,2
2018-09-04,Lafayette (St. Joseph),2,Mid-Buchanan,1
2018-09-04,Lutheran (Kansas City),1,Midway,2
2018-09-04,New Heights Christian,1,Miller,2
2018-09-04,West Plains,1,Miller Career Academy,2
2018-09-04,Galena,0,New Covenant Academy,2
2018-09-04,Logan-Rogersville,0,Nixa,2
2018-09-04,McCluer,2,Normandy Collaborative,0
2018-09-04,Versailles,2,Northeast (Kansas City),0
2018-09-04,Santa Fe,2,Northwest (Hughesville),0
2018-09-04,Fort Osage,0,Oak Park,2
2018-09-04,Parkway West,0,Oakville,2
2018-09-04,Lafayette County,0,Odessa,2
2018-09-04,Advance,2,Oran,0
2018-09-04,Lathrop,2,Orrick,0
2018-09-04,Lockwood,0,Osceola,2
2018-09-04,Belle,0,Owensville,2
2018-09-04,Kickapoo,2,Ozark,0
2018-09-04,Lee's Summit North,0,Park Hill,2
2018-09-04,Staley,0,Park Hill South,2
2018-09-04,Pattonville,2,Parkway North,0
2018-09-04,Lafayette (Wildwood),2,Parkway South,0
2018-09-04,Bishop LeBlond,0,Pembroke Hill,2
2018-09-04,Fredericktown,0,Perryville,2
2018-09-04,Cabool,2,Plato,0
2018-09-04,Kearney,2,Platte County,0
2018-09-04,Hayti,0,Portageville,2
2018-09-04,Lee's Summit West,1,Raymore-Peculiar,2
2018-09-04,North Kansas City,2,Raytown,1
2018-09-04,Glendale,2,Republic,0
2018-09-04,Hazelwood East,2,Riverview Gardens,0
2018-09-04,Collegiate School of Med-Bio Science,2,Roosevelt,1
2018-09-04,California,2,Sacred Heart,0
2018-09-04,Eminence,2,Salem,0
2018-09-04,Monett,0,Sarcoxie,2
2018-09-04,Northland Christian,0,Savannah,2
2018-09-04,St. Vincent,2,Saxony Lutheran,1
2018-09-04,Mt. Vernon,1,Seneca,2
2018-09-04,Lakeland,2,Sheldon,0
2018-09-04,Tipton,0,Skyline,2
2018-09-04,Calvary Lutheran,2,Smithton,0
2018-09-04,Grandview,0,Sparta,2
2018-09-04,St. Joseph Christian,2,South Harrison,0
2018-09-04,Kennett,2,Summersville,0
2018-09-04,University Academy Charter,2,Southeast,0
2018-09-04,Eugene,0,Southern Boone,2
2018-09-04,North Pemiscot,1,Southland,2
2018-09-04,Verona,1,Southwest (Washburn),2
2018-09-04,MICDS,2,St. Charles,0
2018-09-04,Warrenton,2,St. Clair,1
2018-09-04,Rolla,2,St. James,0
2018-09-04,Harrisonville,0,St. Michael the Archangel,2
2018-09-04,Summit Christian Academy,2,St. Paul Lutheran (Concordia),1
2018-09-04,Sarcoxie,0,Willard,2
2018-09-04,Waynesville,0,Webb City,2
2018-09-04,Plattsburg,2,Trenton,0
2018-09-04,Hazelwood Central,0,Trinity Catholic,2
2018-09-04,Lee's Summit,2,St. Charles,0
2018-09-04,Festus,2,Valle Catholic,0
2018-09-04,Grandview (Hillsboro),2,Valley,0
2018-09-04,Lutheran North,2,Valley Park,0
2018-09-04,Carnahan,0,Waynesville,2
2018-09-04,Ursuline Academy,2,Villa Duchesne,1
2018-09-04,Lincoln,2,Warsaw,1
2018-09-04,Central (Springfield),0,Webb City,2
2018-09-04,South Iron,0,West County,2
2018-09-04,Nodaway-Holt,0,West Platte,2
2018-09-04,Marionville,1,Wheaton,2
2018-09-04,Fordland,2,Willow Springs,0
2018-09-04,Archie,0,Windsor,2
2018-09-04,Troy Buchanan,1,Winfield,2
2018-09-04,Raytown South,0,Winnetonka,2
2018-09-04,Bunker,0,Winona,2
2018-09-04,Puxico,0,Woodland,2
2018-09-05,Lincoln,1,Archie,2
2018-09-05,Miller Career Academy,0,Cardinal Ritter,2
2018-09-05,McCluer North,0,Clayton,2
2018-09-05,Collegiate School of Med-Bio Science,2,Confluence Prep Academy Charter,0
2018-09-05,Grandview (Hillsboro),2,Crystal City,1
2018-09-05,Perryville,1,Farmington,2
2018-09-05,Gateway Science Charter,1,Hancock,2
2018-09-05,East (Kansas City),0,Helias Catholic,2
2018-09-05,Guadalupe Centers Charter,2,Hogan Prep Academy Charter,0
2018-09-05,Cristo Rey,2,Hogan Prep Academy Charter,0
2018-09-05,St. Joseph's Academy,2,Lafayette (Wildwood),1
2018-09-05,Marquand-Zion,0,Leopold,2
2018-09-05,Rockwood Summit,2,Lindbergh,1
2018-09-05,Duchesne,0,Lutheran St. Charles,2
2018-09-05,Lutheran North,2,McCluer,0
2018-09-05,Fox,0,Mehlville,2
2018-09-05,University Academy Charter,0,North Platte,2
2018-09-05,Seneca,0,Notre Dame (Cape Girardeau),2
2018-09-05,Central (Cape Girardeau),1,Oak Ridge,2
2018-09-05,McCluer South-Berkeley,0,Orchard Farm,2
2018-09-05,John Burroughs,1,Parkway Central,2
2018-09-05,Hazelwood Central,0,Pattonville,2
2018-09-05,Notre Dame de Sion,0,Pleasant Hill,2
2018-09-05,Excelsior Springs,2,Richmond,0
2018-09-05,Hazelwood West,2,Ritenour,0
2018-09-05,Ft. Zumwalt West,0,St. Dominic,2
2018-09-05,Savannah,1,St. Michael the Archangel,2
2018-09-05,North County,0,St. Vincent,2
2018-09-05,Windsor (Imperial),0,Ste. Genevieve,2
2018-09-05,Warsaw,2,Union,1
2018-09-05,Westminster Christian Academy,0,Ursuline Academy,2
2018-09-05,Veritas Christian Academy,2,Visitation Academy,0
2018-09-05,Pacific,0,Washington,2
2018-09-05,Kirkwood,0,Webster Groves,2
2018-09-06,Notre Dame (St. Louis),0,Affton,2
2018-09-06,School of the Ozarks,1,Ash Grove,2
2018-09-06,Carl Junction,2,Aurora,1
2018-09-06,Clayton,2,Bayless,0
2018-09-06,Dixon,0,Belle,2
2018-09-06,Bell City,0,Bernie,2
2018-09-06,Boonville,0,Blair Oaks,2
2018-09-06,Fatima,0,Blair Oaks,2
2018-09-06,Poplar Bluff,0,Bloomfield,2
2018-09-06,Hurley,1,Blue Eye,2
2018-09-06,Park Hill,0,Blue Springs South,2
2018-09-06,Hannibal,2,Bowling Green,0
2018-09-06,Golden City,2,Bronaugh,0
2018-09-06,Skyline,0,Buffalo,2
2018-09-06,Eldon,1,California,2
2018-09-06,La Monte,0,Calvary Lutheran,2
2018-09-06,Benton,2,Cameron,0
2018-09-06,Trenton,2,Carrollton,0
2018-09-06,Campbell,2,Caruthersville,0
2018-09-06,Herculaneum,0,Central (Park Hills),2
2018-09-06,Branson,2,Central (Springfield),0
2018-09-06,St. Charles,0,Central (St. Joseph),2
2018-09-06,Woodland,2,Clearwater,0
2018-09-06,Warrensburg,2,Clinton,1
2018-09-06,Wheaton,1,Crane,2
2018-09-06,Green Ridge,2,Crest Ridge,0
2018-09-06,Crystal City,2,Crossroads College Preparatory,1
2018-09-06,Viburnum,0,Cuba,2
2018-09-06,Lone Jack,2,Drexel,0
2018-09-06,Bishop DuBourg,0,Duchesne,2
2018-09-06,Fulton,0,Eugene,2
2018-09-06,Helias Catholic,2,Father Tolton,0
2018-09-06,Hermann,2,Fatima,0
2018-09-06,Mountain Grove,0,Fatima,2
2018-09-06,Sparta,0,Fatima,2
2018-09-06,Raytown,0,Fort Osage,2
2018-09-06,Francis Howell,2,Francis Howell Central,0
2018-09-06,Liberty (Wentzville),2,Ft. Zumwalt East,0
2018-09-06,Ft. Zumwalt North,2,Ft. Zumwalt South,1
2018-09-06,Francis Howell North,0,Ft. Zumwalt West,2
2018-09-06,Chadwick,0,Galena,2
2018-09-06,Waynesville,0,Gateway,2
2018-09-06,Lift for Life Academy Charter,0,Gateway Science Charter,2
2018-09-06,Grain Valley,2,Grandview,1
2018-09-06,Zalma,0,Greenville,2
2018-09-06,Holden,0,Harrisonville,2
2018-09-06,McCluer South-Berkeley,2,Hazelwood East,0
2018-09-06,Fatima,1,Hickman,2
2018-09-06,Jackson,2,Hillsboro,0
2018-09-06,Southeast,0,Hogan Prep Academy Charter,2
2018-09-06,Cassville,2,Hollister,0
2018-09-06,Troy Buchanan,1,Holt,2
2018-09-06,Hazelwood Central,0,Incarnate Word Academy,2
2018-09-06,Sparta,0,Kearney,2
2018-09-06,Malden,2,Kennett,0
2018-09-06,Rolla,0,Kickapoo,2
2018-09-06,South Iron,2,Kingston,0
2018-09-06,Midway,2,Kingsville,0
2018-09-06,Smithton,2,Knob Noster,0
2018-09-06,Oakville,2,Ladue Horton Watkins,0
2018-09-06,Savannah,1,Lafayette (St. Joseph),2
2018-09-06,Pierce City,0,Lamar,2
2018-09-06,Northland Christian,2,Lathrop,0
2018-09-06,Excelsior Springs,2,Lawson,0
2018-09-06,Nixa,2,Lebanon,0
2018-09-06,Liberty,2,Lee's Summit,0
2018-09-06,Lee's Summit North,0,Lee's Summit West,2
2018-09-06,Eminence,0,Liberty (Mountain View),2
2018-09-06,St. Clair,2,Linn,0
2018-09-06,El Dorado Springs,2,Lockwood,0
2018-09-06,Willard,0,Logan-Rogersville,2
2018-09-06,Center,0,Lutheran (Kansas City),2
2018-09-06,MICDS,2,Lutheran North,0
2018-09-06,Principia,0,Lutheran South,2
2018-09-06,Eureka,2,Marquette,0
2018-09-06,Ava,0,Marshfield,2
2018-09-06,Bishop LeBlond,0,Maryville,2
2018-09-06,Jennings,2,McCluer,1
2018-09-06,Webb City,2,McDonald County,0
2018-09-06,Parkway Central,0,Mehlville,2
2018-09-06,Marshall,2,Mexico,0
2018-09-06,Billings,0,Miller,2
2018-09-06,Collegiate School of Med-Bio Science,1,Miller Career Academy,2
2018-09-06,Republic,2,Mountain Grove,1
2018-09-06,Neosho,0,Mt. Vernon,2
2018-09-06,Bolivar,0,Nevada,2
2018-09-06,Everton,0,New Covenant Academy,2
2018-09-06,Montgomery County,2,New Haven,1
2018-09-06,Sarcoxie,0,New Heights Christian,2
2018-09-06,Hallsville,2,North Callaway,1
2018-09-06,Union,0,North County,2
2018-09-06,Belton,2,North Kansas City,1
2018-09-06,Clarkton,2,North Pemiscot,1
2018-09-06,Parkway South,0,Northwest (Cedar Hill),2
2018-09-06,Wellington-Napoleon,0,Odessa,2
2018-09-06,Versailles,0,Osage,1
2018-09-06,Chilhowee,0,Otterville,2
2018-09-06,Jefferson City,0,Ozark,2
2018-09-06,Glendale,0,Parkview,2
2018-09-06,Brookfield,0,Plattsburg,2
2018-09-06,Rock Bridge,1,Pleasant Hill,2
2018-09-06,Charleston,0,Portageville,2
2018-09-06,Bismarck,0,Potosi,2
2018-09-06,Richland (Essex),1,Puxico,2
2018-09-06,Blue Springs,0,Raymore-Peculiar,2
2018-09-06,Platte County,2,Raytown South,0
2018-09-06,Monett,0,Reeds Spring,2
2018-09-06,Orrick,0,Richmond,2
2018-09-06,Parkway North,0,Rockwood Summit,2
2018-09-06,Bunker,0,Salem,2
2018-09-06,Lafayette County,0,Santa Fe,2
2018-09-06,Meadow Heights,0,Seneca,2
2018-09-06,Diamond,0,Seneca,2
2018-09-06,Adrian,2,Sherwood,0
2018-09-06,Saxony Lutheran,2,Sikeston,0
2018-09-06,Metro,2,Soldan International Studies,0
2018-09-06,Mid-Buchanan,2,South Harrison,0
2018-09-06,Nodaway-Holt,1,St. James,2
2018-09-06,Senath-Hornersville,0,Summersville,2
2018-09-06,Union,1,Spokane,2
2018-09-06,Clever,2,Springfield Catholic,0
2018-09-06,Winfield,0,St. Charles,2
2018-09-06,St. Dominic,0,St. Joseph's Academy,2
2018-09-06,Bourbon,0,St. James,2
2018-09-06,North Platte,0,St. Joseph Christian,2
2018-09-06,Cor Jesu Academy,1,St. Joseph's Academy,2
2018-09-06,Winnetonka,2,St. Michael the Archangel,1
2018-09-06,Lexington,0,St. Paul Lutheran (Concordia),2
2018-09-06,Chillicothe,1,St. Pius X (Kansas City),2
2018-09-06,Liberty North,2,Staley,1
2018-09-06,Greenfield,0,Stockton,2
2018-09-06,McKinley Classical Leadership,0,West Plains,1
2018-09-06,Doniphan,1,Thayer,2
2018-09-06,Jasper,2,Thomas Jefferson Independent Day,0
2018-09-06,Hayti,2,St. Clair,1
2018-09-06,Ewing Marion Kauffman,0,University Academy Charter,2
2018-09-06,Riverview Gardens,2,University City,0
2018-09-06,Jefferson (Festus),0,Valle Catholic,2
2018-09-06,Grandview (Hillsboro),2,Valley Park,0
2018-09-06,Lincoln College Prep,0,Versailles,2
2018-09-06,Springfield Catholic,0,Veritas Christian Academy,2
2018-09-06,Purdy,0,Verona,2
2018-09-06,Orchard Farm,0,Warrenton,2
2018-09-06,Butler,2,Warsaw,0
2018-09-06,Timberland,2,Washington,1
2018-09-06,Hillcrest,0,Waynesville,2
2018-09-06,St. Paul Lutheran (Farmington),0,West County,2
2018-09-06,Camdenton,1,West Plains,0
2018-09-06,John Burroughs,1,Westminster Christian Academy,2
2018-09-06,Oak Park,2,William Chrisman,0
2018-09-06,Wright City,2,Willow Springs,0
2018-09-06,Cabool,2,Winona,1
2018-09-07,Kennett,0,Arcadia Valley,2
2018-09-07,Central (New Madrid County),2,Bell City,0
2018-09-07,South Iron,2,Bell City,0
2018-09-07,Wright City,0,Bernie,2
2018-09-07,Calvary Lutheran,1,Bernie,1
2018-09-07,Whitfield,1,Bishop DuBourg,1
2018-09-07,Notre Dame (St. Louis),2,Bloomfield,0
2018-09-07,Oak Ridge,2,Bunker,0
2018-09-07,Ellington,2,Bunker,0
2018-09-07,St. Vincent,2,Campbell,0
2018-09-07,Clearwater,0,Caruthersville,2
2018-09-07,Holcomb,1,Caruthersville,1
2018-09-07,Zalma,0,Central (Cape Girardeau),2
2018-09-07,Green Ridge,1,Central (New Madrid County),1
2018-09-07,Leopold,0,Central (Park Hills),2
2018-09-07,Saxony Lutheran,0,Central (Park Hills),2
2018-09-07,Seneca,2,Clarkton,0
2018-09-07,Holcomb,0,Clarkton,2
2018-09-07,Holcomb,0,Clearwater,2
2018-09-07,Bunceton,2,Columbia Independent,0
2018-09-07,Viburnum,2,Cooter,0
2018-09-07,Puxico,1,Cooter,1
2018-09-07,Grandview (Hillsboro),2,Crystal City,1
2018-09-07,Caruthersville,0,DeSoto,2
2018-09-07,Holcomb,0,DeSoto,2
2018-09-07,North Technical,0,Doniphan,2
2018-09-07,Jefferson (Festus),2,Doniphan,0
2018-09-07,Leopold,1,Eminence,1
2018-09-07,Saxony Lutheran,1,Eminence,1
2018-09-07,Campbell,0,Farmington,2
2018-09-07,Seckman,0,Farmington,2
2018-09-07,Zalma,0,Grandview (Hillsboro),2
2018-09-07,Malden,1,Grandview (Hillsboro),1
2018-09-07,South Iron,0,Green Ridge,2
2018-09-07,Southland,2,Greenville,0
2018-09-07,Richland (Essex),1,Greenville,1
2018-09-07,Winona,2,Hazelwood West,0
2018-09-07,Notre Dame (Cape Girardeau),2,Hazelwood West,0
2018-09-07,Woodland,0,Hillsboro,2
2018-09-07,Arcadia Valley,1,Hillsboro,1
2018-09-07,Portageville,2,Holcomb,0
2018-09-07,Notre Dame (St. Louis),1,Lesterville,1
2018-09-07,St. Pius X (Festus),0,Lutheran South,2
2018-09-07,Central (Cape Girardeau),2,Malden,0
2018-09-07,Grandview,1,Malden,1
2018-09-07,Oakville,2,Marquette,0
2018-09-07,Oran,0,Meadow Heights,2
2018-09-07,Parkway North,0,MICDS,2
2018-09-07,Puxico,0,New Haven,2
2018-09-07,Viburnum,0,New Haven,2
2018-09-07,Clarkton,2,North Technical,0
2018-09-07,Summersville,1,Oak Ridge,1
2018-09-07,Principia,0,Orchard Farm,2
2018-09-07,Webster Groves,2,Parkway Central,0
2018-09-07,Calvary Lutheran,0,Perryville,2
2018-09-07,Wright City,0,Perryville,2
2018-09-07,Richland (Essex),1,Portageville,1
2018-09-07,Southland,2,Portageville,0
2018-09-07,Viburnum,2,Puxico,0
2018-09-07,St. Charles West,2,Ritenour,1
2018-09-07,St. Vincent,0,Seckman,2
2018-09-07,Meadow Heights,2,Senath-Hornersville,0
2018-09-07,St. Clair,1,Senath-Hornersville,1
2018-09-07,Lesterville,2,Sikeston,0
2018-09-07,Bloomfield,2,Sikeston,0
2018-09-07,Ellington,2,Summersville,0
2018-09-07,Winona,1,Ste. Genevieve,1
2018-09-07,Notre Dame (Cape Girardeau),1,Ste. Genevieve,1
2018-09-07,Calvary Lutheran,1,Wright City,1
2018-09-07,Oran,2,St. Clair,0
2018-09-07,Kennett,0,Woodland,2
2018-09-08,Drexel,0,Adrian,2
2018-09-08,Midway,0,Adrian,2
2018-09-08,Rich Hill,0,Adrian,2
2018-09-08,Jasper,0,Adrian,2
2018-09-08,Liberal,0,Adrian,2
2018-09-08,Osceola,0,Adrian,2
2018-09-08,Woodland,0,Arcadia Valley,2
2018-09-08,Lesterville,0,Arcadia Valley,2
2018-09-08,St. Vincent,0,Arcadia Valley,2
2018-09-08,Midway,2,Archie,0
2018-09-08,Osceola,1,Archie,1
2018-09-08,Lakeland,0,Archie,2
2018-09-08,Liberal,2,Archie,1
2018-09-08,Union,0,Ava,2
2018-09-08,Forsyth,2,Ava,0
2018-09-08,Conway,0,Ava,2
2018-09-08,Parkview,2,Ava,0
2018-09-08,Green Ridge,2,Bell City,0
2018-09-08,Clearwater,2,Bell City,0
2018-09-08,Grandview,2,Bell City,0
2018-09-08,Perryville,1,Bernie,1
2018-09-08,Arcadia Valley,2,Bernie,0
2018-09-08,Lutheran North,1,Bishop DuBourg,1
2018-09-08,Sparta,0,Blair Oaks,2
2018-09-08,Fatima,0,Blair Oaks,2
2018-09-08,Lesterville,2,Bloomfield,0
2018-09-08,Kennett,1,Bloomfield,2
2018-09-08,Saxony Lutheran,1,Bloomfield,1
2018-09-08,Willow Springs,0,Blue Eye,2
2018-09-08,Fulton,1,Bowling Green,1
2018-09-08,Owensville,2,Bowling Green,0
2018-09-08,Eldon,2,Bowling Green,0
2018-09-08,California,2,Bowling Green,0
2018-09-08,Bishop DuBourg,1,Brentwood,1
2018-09-08,Lutheran North,2,Brentwood,0
2018-09-08,Ritenour,2,Brentwood,0
2018-09-08,Pleasant Hope,2,Bronaugh,0
2018-09-08,McAuley Catholic,2,Bronaugh,0
2018-09-08,Exeter,2,Bronaugh,0
2018-09-08,Summersville,1,Bunker,1
2018-09-08,Richland (Essex),2,Bunker,0
2018-09-08,Richmond,0,Cameron,2
2018-09-08,Northwest (Hughesville),0,Cameron,2
2018-09-08,Saxony Lutheran,2,Campbell,1
2018-09-08,Winona,2,Campbell,0
2018-09-08,New Haven,1,Caruthersville,1
2018-09-08,Viburnum,0,Caruthersville,2
2018-09-08,Holcomb,1,Caruthersville,1
2018-09-08,Seneca,2,Caruthersville,0
2018-09-08,Versailles,2,Center,0
2018-09-08,Ruskin,1,Center,1
2018-09-08,Raytown South,2,Center,0
2018-09-08,Oran,0,Central (Cape Girardeau),2
2018-09-08,Jefferson (Festus),2,Central (Cape Girardeau),0
2018-09-08,University Academy Charter,2,Central (Cape Girardeau),0
2018-09-08,Hogan Prep Academy Charter,0,Central (Kansas City),2
2018-09-08,Ruskin,1,Central (Kansas City),1
2018-09-08,South Iron,2,Central (New Madrid County),0
2018-09-08,Zalma,0,Central (New Madrid County),2
2018-09-08,Clarkton,2,Central (New Madrid County),1
2018-09-08,Bunker,0,Central (New Madrid County),2
2018-09-08,Eminence,1,Central (Park Hills),1
2018-09-08,Lesterville,0,Central (Park Hills),2
2018-09-08,Ste. Genevieve,1,Central (Park Hills),2
2018-09-08,Calvary Lutheran,2,Central (Park Hills),0
2018-09-08,Jefferson (Festus),2,Clarkton,0
2018-09-08,Summersville,0,Clarkton,2
2018-09-08,Holcomb,0,Clarkton,2
2018-09-08,Portageville,2,Clearwater,0
2018-09-08,Puxico,0,Clearwater,2
2018-09-08,Union,0,Conway,2
2018-09-08,New Haven,2,Cooter,0
2018-09-08,Puxico,2,Cooter,0
2018-09-08,Meadow Heights,1,DeSoto,2
2018-09-08,Clearwater,0,DeSoto,2
2018-09-08,Oran,0,DeSoto,2
2018-09-08,Malden,1,DeSoto,2
2018-09-08,Jefferson (Festus),2,DeSoto,1
2018-09-08,Seneca,0,DeSoto,2
2018-09-08,Seneca,1,Doniphan,1
2018-09-08,Central (Cape Girardeau),1,Doniphan,1
2018-09-08,South Iron,2,Doniphan,1
2018-09-08,Jasper,2,Drexel,0
2018-09-08,Liberal,2,Drexel,0
2018-09-08,Rich Hill,2,Drexel,0
2018-09-08,Lathrop,1,East Buchanan,1
2018-09-08,Penney,0,East Buchanan,2
2018-09-08,West Platte,1,East Buchanan,1
2018-09-08,Lawson,2,East Buchanan,0
2018-09-08,California,2,Eldon,1
2018-09-08,Jefferson (Festus),2,Ellington,0
2018-09-08,Lesterville,2,Eminence,1
2018-09-08,Notre Dame (St. Louis),1,Eminence,1
2018-09-08,St. Vincent,1,Farmington,1
2018-09-08,Ste. Genevieve,0,Farmington,2
2018-09-08,Arcadia Valley,0,Farmington,2
2018-09-08,Perryville,0,Farmington,2
2018-09-08,Notre Dame (Cape Girardeau),0,Farmington,2
2018-09-08,Seckman,0,Farmington,2
2018-09-08,Sparta,0,Fatima,2
2018-09-08,Mountain Grove,0,Fatima,2
2018-09-08,Willow Springs,2,Forsyth,0
2018-09-08,Parkview,2,Forsyth,0
2018-09-08,Blue Eye,2,Forsyth,0
2018-09-08,Conway,0,Forsyth,2
2018-09-08,Union,0,Forsyth,2
2018-09-08,Duchesne,0,Francis Howell Central,2
2018-09-08,Troy Buchanan,0,Francis Howell Central,2
2018-09-08,Winfield,0,Francis Howell Central,2
2018-09-08,Holt,0,Francis Howell Central,2
2018-09-08,Timberland,2,Francis Howell Central,0
2018-09-08,Owensville,2,Fulton,0
2018-09-08,Kirksville,2,Fulton,1
2018-09-08,Eldon,2,Fulton,0
2018-09-08,Clarkton,0,Grandview,2
2018-09-08,Portageville,0,Grandview (Hillsboro),2
2018-09-08,Central (Cape Girardeau),2,Grandview (Hillsboro),0
2018-09-08,Bell City,0,Grandview (Hillsboro),2
2018-09-08,North Technical,0,Grandview (Hillsboro),2
2018-09-08,Senath-Hornersville,0,Grandview (Hillsboro),2
2018-09-08,Clarkton,0,Grandview (Hillsboro),2
2018-09-08,Viburnum,0,Green Ridge,2
2018-09-08,Oak Ridge,2,Green Ridge,1
2018-09-08,Portageville,1,Greenville,1
2018-09-08,Meadow Heights,2,Greenville,0
2018-09-08,Marshall,0,Hannibal,2
2018-09-08,St. Vincent,2,Hazelwood West,0
2018-09-08,Ste. Genevieve,1,Hazelwood West,1
2018-09-08,Wright City,2,Hazelwood West,0
2018-09-08,Kickapoo,1,Helias Catholic,2
2018-09-08,Ursuline Academy,2,Hermann,0
2018-09-08,Sparta,1,Hickman,1
2018-09-08,Blair Oaks,1,Hickman,1
2018-09-08,Mountain Grove,1,Hickman,1
2018-09-08,Mexico,0,Hickman,2
2018-09-08,Fatima,1,Hickman,2
2018-09-08,Kennett,0,Hillsboro,2
2018-09-08,Bernie,0,Hillsboro,2
2018-09-08,Perryville,1,Hillsboro,1
2018-09-08,Seckman,2,Hillsboro,1
2018-09-08,University Academy Charter,1,Hogan Prep Academy Charter,1
2018-09-08,Raytown South,2,Hogan Prep Academy Charter,0
2018-09-08,Portageville,2,Holcomb,0
2018-09-08,Timberland,0,Holt,2
2018-09-08,Ft. Zumwalt East,2,Holt,1
2018-09-08,Winfield,0,Holt,2
2018-09-08,Rich Hill,2,Jasper,0
2018-09-08,Liberal,2,Jasper,0
2018-09-08,Kickapoo,2,Jefferson City,0
2018-09-08,Calvary Lutheran,2,Kennett,0
2018-09-08,Savannah,0,Kirksville,2
2018-09-08,California,1,Kirksville,1
2018-09-08,Knob Noster,0,Kirksville,2
2018-09-08,Owensville,1,Kirksville,2
2018-09-08,Owensville,2,Knob Noster,0
2018-09-08,California,2,Knob Noster,0
2018-09-08,Savannah,2,Knob Noster,0
2018-09-08,Warrensburg,2,Lafayette County,0
2018-09-08,Warsaw,0,Lafayette County,2
2018-09-08,Savannah,2,Lafayette County,0
2018-09-08,Midway,2,Lakeland,0
2018-09-08,Osceola,2,Lakeland,0
2018-09-08,North Platte,2,Lathrop,1
2018-09-08,West Platte,2,Lathrop,0
2018-09-08,Penney,0,Lathrop,2
2018-09-08,Mid-Buchanan,1,Lawson,1
2018-09-08,North Platte,0,Lawson,2
2018-09-08,Plattsburg,0,Lawson,2
2018-09-08,Saxony Lutheran,1,Leopold,1
2018-09-08,Perryville,2,Leopold,0
2018-09-08,Rich Hill,1,Liberal,1
2018-09-08,Zalma,0,Malden,2
2018-09-08,Ellington,1,Meadow Heights,2
2018-09-08,Sparta,2,Mexico,0
2018-09-08,Mountain Grove,1,Mexico,1
2018-09-08,Blair Oaks,2,Mexico,0
2018-09-08,North Platte,0,Mid-Buchanan,2
2018-09-08,Plattsburg,1,Mid-Buchanan,1
2018-09-08,West Platte,1,Mid-Buchanan,2
2018-09-08,Osceola,0,Midway,2
2018-09-08,Rich Hill,0,Midway,2
2018-09-08,Sparta,2,Mountain Grove,0
2018-09-08,Jefferson (Festus),2,New Haven,0
2018-09-08,Plattsburg,2,North Platte,0
2018-09-08,Clearwater,2,North Technical,0
2018-09-08,Grandview,2,North Technical,0
2018-09-08,Warsaw,0,Northwest (Hughesville),2
2018-09-08,Richmond,0,Northwest (Hughesville),2
2018-09-08,Calvary Lutheran,2,Notre Dame (St. Louis),1
2018-09-08,Ellington,0,Oak Ridge,2
2018-09-08,Jefferson (Festus),2,Oak Ridge,0
2018-09-08,Seneca,2,Oak Ridge,0
2018-09-08,Southland,1,Oran,2
2018-09-08,Rich Hill,2,Osceola,0
2018-09-08,Eldon,0,Owensville,2
2018-09-08,Blue Eye,0,Parkview,2
2018-09-08,Willow Springs,0,Parkview,2
2018-09-08,Plattsburg,2,Penney,0
2018-09-08,West Platte,2,Penney,0
2018-09-08,Zalma,0,Portageville,2
2018-09-08,Summersville,0,Portageville,2
2018-09-08,Viburnum,2,Puxico,0
2018-09-08,Versailles,1,Raytown South,2
2018-09-08,University Academy Charter,1,Raytown South,1
2018-09-08,Southland,1,Richland (Essex),1
2018-09-08,Zalma,2,Richland (Essex),0
2018-09-08,Lutheran North,1,Ritenour,1
2018-09-08,Bishop DuBourg,0,Ritenour,2
2018-09-08,Versailles,2,Ruskin,0
2018-09-08,California,2,Savannah,0
2018-09-08,Eldon,2,Savannah,0
2018-09-08,South Iron,1,Seneca,2
2018-09-08,Winona,0,Seckman,2
2018-09-08,Notre Dame (Cape Girardeau),0,Seckman,2
2018-09-08,Campbell,0,Seckman,2
2018-09-08,Calvary Lutheran,1,Seckman,2
2018-09-08,Oran,2,Senath-Hornersville,0
2018-09-08,Grandview,2,Senath-Hornersville,0
2018-09-08,St. Clair,1,Senath-Hornersville,2
2018-09-08,Cooter,0,Senath-Hornersville,2
2018-09-08,Woodland,2,Sikeston,0
2018-09-08,Notre Dame (St. Louis),2,Sikeston,0
2018-09-08,Leopold,2,Sikeston,0
2018-09-08,Warrensburg,2,Savannah,1
2018-09-08,Cameron,1,Savannah,1
2018-09-08,Northwest (Hughesville),0,Savannah,2
2018-09-08,Richmond,0,Savannah,2
2018-09-08,Southland,0,South Iron,2
2018-09-08,Ellington,2,Summersville,0
2018-09-08,Holt,2,St. Charles West,1
2018-09-08,Ft. Zumwalt East,2,St. Charles West,0
2018-09-08,Timberland,2,St. Charles West,0
2018-09-08,Woodland,1,Wright City,1
2018-09-08,Calvary Lutheran,1,Wright City,1
2018-09-08,University Academy Charter,1,West Plains,1
2018-09-08,Winfield,0,Timberland,2
2018-09-08,Ft. Zumwalt East,0,Timberland,2
2018-09-08,Winfield,2,Troy Buchanan,1
2018-09-08,Duchesne,0,Troy Buchanan,2
2018-09-08,Meadow Heights,2,St. Clair,0
2018-09-08,Puxico,1,St. Clair,1
2018-09-08,University Academy Charter,0,Versailles,2
2018-09-08,Warsaw,0,Warrensburg,2
2018-09-08,Cameron,0,Warrensburg,2
2018-09-08,Duchesne,0,Winfield,2
2018-09-08,Notre Dame (Cape Girardeau),2,Winona,0
2018-09-08,Saxony Lutheran,2,Woodland,0
2018-09-09,Perryville,1,North County,1
2018-09-09,Richmond,0,Northwest (Hughesville),2
2018-09-10,Seckman,2,Affton,0
2018-09-10,Joplin,1,Aurora,2
2018-09-10,Blair Oaks,2,Battle,0
2018-09-10,Advance,2,Bell City,0
2018-09-10,Raytown,2,Belton,1
2018-09-10,Chillicothe,0,Benton,2
2018-09-10,St. Michael the Archangel,2,Bishop LeBlond,0
2018-09-10,New Covenant Academy,2,Bradleyville,0
2018-09-10,Cole Camp,1,California,2
2018-09-10,Osage,0,Camdenton,2
2018-09-10,Sikeston,2,Campbell,0
2018-09-10,Brookfield,0,Carrollton,2
2018-09-10,Marionville,0,Cassville,2
2018-09-10,Mexico,1,Centralia,2
2018-09-10,Hayti,0,Charleston,2
2018-09-10,St. Clair,0,Clarkton,2
2018-09-10,Odessa,2,Clinton,0
2018-09-10,Kingsville,0,Crest Ridge,2
2018-09-10,La Monte,0,Crest Ridge,2
2018-09-10,Lift for Life Academy Charter,0,Crossroads College Preparatory,2
2018-09-10,Farmington,2,Dexter,1
2018-09-10,St. Dominic,2,Duchesne,0
2018-09-10,Warsaw,0,Fair Grove,2
2018-09-10,Pattonville,2,Fox,0
2018-09-10,Lutheran South,2,Francis Howell Central,0
2018-09-10,Gateway,2,Gateway Science Charter,0
2018-09-10,Bismarck,0,Grandview (Hillsboro),2
2018-09-10,Sheldon,0,Greenfield,2
2018-09-10,Brentwood,2,Hancock,0
2018-09-10,Hazelwood West,2,Hazelwood Central,1
2018-09-10,Bayless,0,Herculaneum,2
2018-09-10,New Heights Christian,2,Jasper,0
2018-09-10,Metro,1,Jennings,2
2018-09-10,Potosi,2,Kingston,0
2018-09-10,Valley,2,Kingston,1
2018-09-10,La Monte,1,Kingsville,2
2018-09-10,Warrensburg,0,Knob Noster,0
2018-09-10,Doniphan,2,Koshkonong,0
2018-09-10,Hume,0,Lakeland,2
2018-09-10,Sarcoxie,2,Lamar,0
2018-09-10,Liberty,2,Lee's Summit North,1
2018-09-10,Guadalupe Centers Charter,0,Lincoln College Prep,2
2018-09-10,Summit Christian Academy,1,Lutheran (Kansas City),2
2018-09-10,Oak Grove,2,Marshall,1
2018-09-10,Hazelwood East,2,McCluer,0
2018-09-10,Ritenour,2,McCluer North,0
2018-09-10,Riverview Gardens,0,McCluer South-Berkeley,2
2018-09-10,Hollister,0,Mountain Grove,2
2018-09-10,Monett,0,Mt. Vernon,2
2018-09-10,Kirkwood,0,Nerinx Hall,2
2018-09-10,Neosho,0,Nevada,2
2018-09-10,University City,2,Normandy Collaborative,0
2018-09-10,Holcomb,2,North Pemiscot,0
2018-09-10,Liberty North,2,Oak Park,0
2018-09-10,Oak Ridge,2,Oran,0
2018-09-10,Bunceton,0,Otterville,2
2018-09-10,Washington,2,Owensville,1
2018-09-10,Trenton,2,Penney,0
2018-09-10,Greenfield,2,Pleasant Hope,0
2018-09-10,Sheldon,0,Pleasant Hope,2
2018-09-10,Malden,2,Portageville,1
2018-09-10,Valley,0,Potosi,2
2018-09-10,Webb City,0,Rolla,2
2018-09-10,Hickman,2,Sacred Heart,0
2018-09-10,Central (New Madrid County),2,Senath-Hornersville,0
2018-09-10,Versailles,2,Sherwood,0
2018-09-10,Lathrop,2,South Harrison,0
2018-09-10,Fatima,2,Southern Boone,0
2018-09-10,Pierce City,0,Spokane,2
2018-09-10,Helias Catholic,2,St. Joseph's Academy,0
2018-09-10,Viburnum,2,Warsaw,0
2018-09-10,Skyline,2,Willard,0
2018-09-10,Marshfield,2,Winona,0
2018-09-10,Cabool,2,Thayer,0
2018-09-10,St. Joseph's Academy,2,Veritas Christian Academy,0
2018-09-10,East Newton,0,Webb City,2
2018-09-10,Salem,0,West Plains,2
2018-09-11,Lutheran North,2,Bayless,0
2018-09-11,Advance,2,Bernie,0
2018-09-11,Clever,2,Billings,0
2018-09-11,Eldon,0,Blair Oaks,2
2018-09-11,Lee's Summit North,0,Blue Springs,2
2018-09-11,Owensville,2,Bourbon,0
2018-09-11,Exeter,2,Bronaugh,0
2018-09-11,Archie,0,Butler,2
2018-09-11,Licking,2,Cabool,1
2018-09-11,Chilhowee,0,Calhoun,2
2018-09-11,North Callaway,0,Calvary Lutheran,0
2018-09-11,Penney,0,Cameron,2
2018-09-11,Helias Catholic,2,Carthage,0
2018-09-11,Mt. Vernon,1,Cassville,2
2018-09-11,Charleston,0,Central (New Madrid County),2
2018-09-11,Carrollton,0,Chillicothe,2
2018-09-11,Lafayette County,2,Concordia,0
2018-09-11,St. Vincent,2,Crystal City,0
2018-09-11,Hillsboro,2,DeSoto,0
2018-09-11,Bloomfield,0,Dexter,2
2018-09-11,Linn,2,Dixon,0
2018-09-11,Sarcoxie,2,East Newton,0
2018-09-11,Bunker,0,Ellington,2
2018-09-11,Fatima,2,Eugene,0
2018-09-11,Oakville,2,Eureka,1
2018-09-11,Maryville,0,Excelsior Springs,2
2018-09-11,Fox,0,Festus,2
2018-09-11,Conway,0,Fordland,2
2018-09-11,Ft. Zumwalt West,1,Francis Howell,2
2018-09-11,Holt,1,Francis Howell North,2
2018-09-11,Arcadia Valley,2,Fredericktown,0
2018-09-11,Washington,2,Ft. Zumwalt North,0
2018-09-11,Kirksville,2,Fulton,0
2018-09-11,Union,0,Galena,2
2018-09-11,Willard,2,Glendale,0
2018-09-11,Sheldon,0,Golden City,2
2018-09-11,Kearney,2,Grain Valley,0
2018-09-11,Lamar,1,Greenfield,2
2018-09-11,Adrian,2,Harrisonville,0
2018-09-11,Caruthersville,2,Hayti,0
2018-09-11,North Technical,2,Hazelwood East,1
2018-09-11,St. Pius X (Festus),2,Herculaneum,0
2018-09-11,Rock Bridge,0,Hermann,2
2018-09-11,Marshfield,2,Hillcrest,0
2018-09-11,St. Clair,0,Holcomb,2
2018-09-11,Blue Eye,2,Hollister,0
2018-09-11,Visitation Academy,0,Incarnate Word Academy,2
2018-09-11,Central (Cape Girardeau),0,Jackson,2
2018-09-11,Grandview (Hillsboro),0,Jefferson (Festus),2
2018-09-11,Rolla,0,Jefferson City,2
2018-09-11,Seneca,1,Kennett,2
2018-09-11,St. Clair,2,Kingston,0
2018-09-11,Webster Groves,0,Lafayette (Wildwood),2
2018-09-11,Carl Junction,0,Lebanon,2
2018-09-11,Central (St. Joseph),1,Lee's Summit,2
2018-09-11,Lawson,2,Lexington,0
2018-09-11,Park Hill South,1,Liberty,2
2018-09-11,Ft. Zumwalt South,2,Liberty (Wentzville),0
2018-09-11,Ozark,0,Logan-Rogersville,2
2018-09-11,North Platte,0,Lone Jack,2
2018-09-11,Clarkton,0,Malden,2
2018-09-11,Exeter,0,McAuley Catholic,2
2018-09-11,Bronaugh,0,McAuley Catholic,2
2018-09-11,Gateway,2,McKinley Classical Leadership,0
2018-09-11,Lesterville,2,Meadow Heights,0
2018-09-11,Marquette,0,Mehlville,2
2018-09-11,Collegiate School of Med-Bio Science,1,Metro,2
2018-09-11,Lakeland,2,Miami (Amoret),0
2018-09-11,Fair Grove,2,Miller,0
2018-09-11,Roosevelt,0,Miller Career Academy,2
2018-09-11,Sarcoxie,2,Missouri School for the Deaf,0
2018-09-11,El Dorado Springs,0,Nevada,2
2018-09-11,Ava,0,New Covenant Academy,2
2018-09-11,Kickapoo,0,Nixa,2
2018-09-11,Fort Osage,2,North Kansas City,1
2018-09-11,Cooter,1,North Pemiscot,2
2018-09-11,Guadalupe Centers Charter,0,Northeast (Kansas City),2
2018-09-11,Wellington-Napoleon,0,Oak Grove,2
2018-09-11,Ruskin,0,Oak Park,2
2018-09-11,Zalma,0,Oak Ridge,2
2018-09-11,Holden,0,Odessa,2
2018-09-11,Leopold,2,Oran,0
2018-09-11,St. Charles,0,Orchard Farm,2
2018-09-11,Plattsburg,2,Orrick,0
2018-09-11,Skyline,2,Osceola,1
2018-09-11,Northwest (Hughesville),2,Otterville,0
2018-09-11,Cuba,0,Pacific,3
2018-09-11,Lee's Summit West,2,Park Hill,1
2018-09-11,Bolivar,0,Parkview,2
2018-09-11,Kirkwood,1,Parkway South,2
2018-09-11,Windsor (Imperial),0,Perryville,2
2018-09-11,Crane,2,Pierce City,0
2018-09-11,Houston,2,Plato,0
2018-09-11,Sparta,0,Platte County,2
2018-09-11,West Plains,0,Poplar Bluff,2
2018-09-11,Summersville,1,Portageville,2
2018-09-11,Lockwood,2,Purdy,0
2018-09-11,William Chrisman,2,Raytown,0
2018-09-11,Belton,2,Raytown South,0
2018-09-11,Branson,2,Reeds Spring,0
2018-09-11,Bell City,2,Richland (Essex),0
2018-09-11,Lincoln,0,Sacred Heart,2
2018-09-11,Midway,0,Santa Fe,2
2018-09-11,Everton,0,School of the Ozarks,2
2018-09-11,Webb City,2,Seneca,0
2018-09-11,Puxico,0,Sikeston,2
2018-09-11,La Monte,0,Smithton,2
2018-09-11,Trenton,2,South Harrison,0
2018-09-11,Centralia,1,Southern Boone,2
2018-09-11,Southwest (Washburn),0,Spokane,2
2018-09-11,Central (Springfield),2,Springfield Catholic,1
2018-09-11,Cardinal Ritter,0,St. Dominic,1
2018-09-11,Mid-Buchanan,2,St. Joseph Christian,0
2018-09-11,Benton,0,St. Michael the Archangel,2
2018-09-11,Lutheran (Kansas City),2,St. Paul Lutheran (Concordia),1
2018-09-11,Notre Dame de Sion,0,St. Pius X (Kansas City),2
2018-09-11,Notre Dame (Cape Girardeau),1,Ste. Genevieve,2
2018-09-11,Buffalo,2,Stockton,0
2018-09-11,Green Ridge,2,Willard,0
2018-09-11,Aurora,0,Winona,2
2018-09-11,University Academy Charter,0,Summit Christian Academy,3
2018-09-11,Ft. Zumwalt East,0,Timberland,2
2018-09-11,Cole Camp,2,Tipton,0
2018-09-11,McCluer,0,Trinity Catholic,2
2018-09-11,Francis Howell Central,2,Troy Buchanan,0
2018-09-11,Staley,2,St. Charles,1
2018-09-11,Montgomery County,2,Union,0
2018-09-11,Soldan International Studies,0,Waynesville,2
2018-09-11,Marionville,0,Verona,2
2018-09-11,Hallsville,1,Versailles,2
2018-09-11,John Burroughs,0,Villa Duchesne,2
2018-09-11,Savannah,2,Warrensburg,0
2018-09-11,Osage,0,Waynesville,2
2018-09-11,Lindbergh,2,Westminster Christian Academy,0
2018-09-11,Hurley,2,Wheaton,1
2018-09-11,Doniphan,2,Willow Springs,0
2018-09-11,St. Charles West,1,Winfield,2
2018-09-11,Grandview,0,Winnetonka,2
2018-09-11,Saxony Lutheran,0,Woodland,2
2018-09-11,Valley Park,0,Wright City,2
2018-09-12,Lafayette (St. Joseph),0,Central (St. Joseph),2
2018-09-12,Affton,2,Clayton,0
2018-09-12,Lutheran South,1,Cor Jesu Academy,2
2018-09-12,Richland (Essex),0,Dexter,2
2018-09-12,Bishop DuBourg,2,Hancock,1
2018-09-12,Ritenour,2,Hazelwood East,0
2018-09-12,Fox,2,Hazelwood West,0
2018-09-12,Ladue Horton Watkins,0,Lindbergh,2
2018-09-12,Gateway Science Charter,0,Metro,2
2018-09-12,Herculaneum,1,North County,2
2018-09-12,Collegiate School of Med-Bio Science,0,North Technical,2
2018-09-12,Rich Hill,2,Northeast Vernon County,0
2018-09-12,St. Vincent,1,Notre Dame (Cape Girardeau),2
2018-09-12,Whitfield,0,Notre Dame (St. Louis),2
2018-09-12,St. Teresa's Academy,2,Notre Dame de Sion,0
2018-09-12,Rockwood Summit,2,Oakville,0
2018-09-12,Parkway West,2,Parkway Central,0
2018-09-12,Webster Groves,2,Parkway North,0
2018-09-12,Seckman,2,Pattonville,0
2018-09-12,Lift for Life Academy Charter,2,Roosevelt,0
2018-09-12,Farmington,2,St. Pius X (Festus),1
2018-09-12,DeSoto,0,Ste. Genevieve,2
2018-09-12,Glendale,1,Winona,2
2018-09-12,Lutheran St. Charles,2,Trinity Catholic,0
2018-09-12,Springfield Catholic,0,Ursuline Academy,2
2018-09-12,Winfield,0,Veritas Christian Academy,2
2018-09-13,Leopold,0,Advance,2
2018-09-13,Pacific,1,Affton,2
2018-09-13,Potosi,0,Arcadia Valley,2
2018-09-13,East Newton,0,Aurora,2
2018-09-13,Forsyth,2,Ava,1
2018-09-13,Hume,2,Ballard,0
2018-09-13,Maplewood-Richmond Hts.,2,Bayless,0
2018-09-13,Viburnum,2,Belle,0
2018-09-13,Trinity Catholic,1,Bishop DuBourg,2
2018-09-13,Chillicothe,0,Bishop LeBlond,2
2018-09-13,North County,2,Bismarck,0
2018-09-13,School of the Ozarks,0,Blue Eye,2
2018-09-13,Mt. Vernon,2,Bolivar,1
2018-09-13,Hallsville,0,Boonville,2
2018-09-13,Crystal City,2,Bourbon,0
2018-09-13,Adrian,2,Butler,0
2018-09-13,Koshkonong,0,Cabool,2
2018-09-13,Bunceton,2,Calhoun,1
2018-09-13,Blair Oaks,2,California,0
2018-09-13,Kickapoo,2,Camdenton,0
2018-09-13,Hayti,0,Campbell,2
2018-09-13,Miller Career Academy,2,Carnahan,1
2018-09-13,Holden,0,Carrollton,2
2018-09-13,Summersville,0,Caruthersville,2
2018-09-13,Bloomfield,2,Central (Cape Girardeau),1
2018-09-13,East (Kansas City),0,Central (Kansas City),2
2018-09-13,Joplin,2,Central (Springfield),0
2018-09-13,Liberty,2,Central (St. Joseph),0
2018-09-13,New Haven,2,Centralia,0
2018-09-13,Brentwood,0,Clayton,2
2018-09-13,Spokane,0,Clever,0
2018-09-13,Smithton,0,Cole Camp,2
2018-09-13,Lift for Life Academy Charter,2,Confluence Prep Academy Charter,0
2018-09-13,Houston,2,Conway,0
2018-09-13,Visitation Academy,0,Cor Jesu Academy,2
2018-09-13,Billings,2,Crane,0
2018-09-13,Archie,0,Crest Ridge,2
2018-09-13,Southland,2,Delta (Deering),0
2018-09-13,Perryville,2,DeSoto,0
2018-09-13,Bernie,0,Dexter,2
2018-09-13,West Platte,2,East Buchanan,1
2018-09-13,Bunker,0,Eminence,2
2018-09-13,Galena,1,Exeter,0
2018-09-13,Owensville,2,Fatima,1
2018-09-13,Belton,2,Fort Osage,0
2018-09-13,Seckman,2,Fox,0
2018-09-13,Francis Howell North,0,Francis Howell,2
2018-09-13,Holt,0,Francis Howell Central,2
2018-09-13,Washington,2,Ft. Zumwalt East,0
2018-09-13,Timberland,2,Ft. Zumwalt South,0
2018-09-13,Troy Buchanan,0,Ft. Zumwalt West,2
2018-09-13,Raytown South,2,Grandview,0
2018-09-13,Herculaneum,1,Grandview (Hillsboro),2
2018-09-13,Sacred Heart,0,Green Ridge,2
2018-09-13,Valley,0,Greenville,2
2018-09-13,North Technical,1,Hancock,2
2018-09-13,Mexico,0,Hannibal,2
2018-09-13,Ritenour,2,Hazelwood East,0
2018-09-13,Nixa,0,Helias Catholic,2
2018-09-13,Calvary Lutheran,0,Hermann,2
2018-09-13,Southern Boone,0,Hickman,2
2018-09-13,Lincoln College Prep,2,Hogan Prep Academy Charter,1
2018-09-13,Cooter,2,Holcomb,0
2018-09-13,Union,0,Hurley,2
2018-09-13,Notre Dame (Cape Girardeau),0,Jackson,2
2018-09-13,Verona,2,Jasper,0
2018-09-13,Lutheran South,2,John Burroughs,0
2018-09-13,Winnetonka,0,Kearney,2
2018-09-13,Portageville,0,Kennett,2
2018-09-13,Marquand-Zion,0,Kingston,2
2018-09-13,Trenton,0,Kirksville,2
2018-09-13,Eureka,2,Kirkwood,0
2018-09-13,Otterville,2,La Monte,1
2018-09-13,Lindbergh,0,Lafayette (Wildwood),2
2018-09-13,Marshall,2,Lafayette County,0
2018-09-13,El Dorado Springs,0,Lamar,0
2018-09-13,North Platte,1,Lathrop,2
2018-09-13,Penney,0,Lawson,2
2018-09-13,Blue Springs,1,Lee's Summit West,2
2018-09-13,Ft. Zumwalt North,2,Liberty (Wentzville),0
2018-09-13,Salem,0,Licking,2
2018-09-13,Northwest (Hughesville),0,Lincoln,2
2018-09-13,Greenfield,0,Lockwood,2
2018-09-13,Branson,0,Logan-Rogersville,2
2018-09-13,Concordia,0,Lone Jack,2
2018-09-13,Springfield Catholic,1,Lutheran St. Charles,2
2018-09-13,St. Clair,0,Malden,2
2018-09-13,Lafayette (St. Joseph),0,Maryville,2
2018-09-13,Liberal,0,McAuley Catholic,2
2018-09-13,Carl Junction,2,McDonald County,0
2018-09-13,Ellington,0,Meadow Heights,2
2018-09-13,Transportation and Law,0,Metro,2
2018-09-13,Plattsburg,1,Mid-Buchanan,2
2018-09-13,North Callaway,0,Montgomery County,0
2018-09-13,Monett,0,Neosho,2
2018-09-13,Jennings,2,Normandy Collaborative,0
2018-09-13,Southeast,0,Northeast (Kansas City),2
2018-09-13,Ladue Horton Watkins,1,Northwest (Cedar Hill),2
2018-09-13,St. Joseph's Academy,2,Notre Dame (St. Louis),0
2018-09-13,Pembroke Hill,2,Notre Dame de Sion,0
2018-09-13,Clinton,0,Oak Grove,2
2018-09-13,Parkway North,0,Oakville,2
2018-09-13,Central (New Madrid County),0,Oran,2
2018-09-13,Eugene,0,Osage,2
2018-09-13,Oak Park,0,Park Hill,2
2018-09-13,Liberty North,0,Park Hill South,2
2018-09-13,Hillcrest,0,Parkview,2
2018-09-13,Rockwood Summit,2,Parkway Central,0
2018-09-13,Mehlville,2,Parkway South,1
2018-09-13,Fordland,2,Plato,0
2018-09-13,Chadwick,0,Pleasant Hope,2
2018-09-13,Sikeston,0,Poplar Bluff,2
2018-09-13,Cassville,2,Purdy,0
2018-09-13,Clearwater,2,Puxico,0
2018-09-13,Blue Springs South,2,Raymore-Peculiar,0
2018-09-13,McCluer,2,Riverview Gardens,0
2018-09-13,Union,0,Rolla,2
2018-09-13,McKinley Classical Leadership,0,Roosevelt,2
2018-09-13,Raytown,2,Ruskin,0
2018-09-13,Nevada,2,Sarcoxie,0
2018-09-13,Cameron,2,Savannah,1
2018-09-13,Valle Catholic,2,Saxony Lutheran,0
2018-09-13,New Heights Christian,0,Seneca,2
2018-09-13,Drexel,0,Sherwood,2
2018-09-13,Warsaw,0,Skyline,2
2018-09-13,Rock Bridge,1,Savannah,2
2018-09-13,Grain Valley,2,Sparta,1
2018-09-13,Gateway,2,Soldan International Studies,0
2018-09-13,Rock Port,2,St. James,0
2018-09-13,Diamond,2,Southwest (Washburn),1
2018-09-13,Stockton,2,Springfield Catholic,0
2018-09-13,Warrenton,2,St. Charles,0
2018-09-13,Orchard Farm,2,St. Charles West,0
2018-09-13,Cuba,0,St. Clair,2
2018-09-13,Father Tolton,0,St. Dominic,2
2018-09-13,Northland Christian,0,St. Joseph Christian,2
2018-09-13,Pleasant Hill,0,St. Michael the Archangel,2
2018-09-13,Odessa,2,St. Paul Lutheran (Concordia),1
2018-09-13,Benton,0,St. Pius X (Kansas City),2
2018-09-13,Jefferson (Festus),2,St. Vincent,0
2018-09-13,Lee's Summit,0,Staley,2
2018-09-13,Windsor,2,Willard,1
2018-09-13,Mountain Grove,1,Winona,2
2018-09-13,South Iron,0,Wright City,2
2018-09-13,Wheaton,2,Thomas Jefferson Independent Day,0
2018-09-13,Platte County,2,St. Charles,0
2018-09-13,McCluer South-Berkeley,2,University City,0
2018-09-13,St. Pius X (Festus),0,Ursuline Academy,2
2018-09-13,Duchesne,0,Veritas Christian Academy,2
2018-09-13,Sarcoxie,0,Versailles,2
2018-09-13,Incarnate Word Academy,2,Villa Duchesne,0
2018-09-13,Jefferson City,2,Waynesville,0
2018-09-13,Harrisonville,0,Webb City,0
2018-09-13,Richmond,0,Wellington-Napoleon,2
2018-09-13,Fredericktown,1,West County,2
2018-09-13,Lebanon,2,West Plains,0
2018-09-13,Lutheran North,0,Westminster Christian Academy,2
2018-09-13,Fair Grove,0,Willard,2
2018-09-13,North Kansas City,0,William Chrisman,2
2018-09-13,Thayer,0,Willow Springs,2
2018-09-13,Festus,2,Windsor (Imperial),1
2018-09-13,Woodland,2,Zalma,0
2018-09-14,Valley Park,2,Bayless,0
2018-09-14,Crossroads College Preparatory,2,Brentwood,0
2018-09-14,Sarcoxie,2,Bunceton,0
2018-09-14,Helias Catholic,2,Calvary Lutheran,0
2018-09-14,Clarkton,0,Campbell,2
2018-09-14,Everton,0,Chadwick,2
2018-09-14,Maplewood-Richmond Hts.,2,Hancock,0
2018-09-14,Collegiate School of Med-Bio Science,2,McCluer South-Berkeley,1
2018-09-14,Hurley,1,New Covenant Academy,2
2018-09-14,Richland (Essex),0,North Pemiscot,2
2018-09-14,Meadow Heights,0,Oak Ridge,2
2018-09-14,Marquette,2,Parkway West,0
2018-09-14,Southwest (Washburn),2,Union,1
2018-09-14,Wright City,2,Viburnum,0
2018-09-14,Nerinx Hall,0,Webster Groves,2
2018-09-14,MICDS,2,Whitfield,0
2018-09-14,Salem,0,Winona,2
2018-09-15,Valle Catholic,0,Advance,2
2018-09-15,Bismarck,0,Advance,2
2018-09-15,Kingsville,0,Archie,2
2018-09-15,Sherwood,1,Archie,1
2018-09-15,Ballard,0,Archie,2
2018-09-15,Chilhowee,0,Archie,2
2018-09-15,Wheaton,0,Ash Grove,2
2018-09-15,Miller,2,Ash Grove,0
2018-09-15,Billings,2,Ash Grove,0
2018-09-15,Pierce City,0,Ash Grove,2
2018-09-15,Monett,0,Ash Grove,2
2018-09-15,Plato,0,Ava,2
2018-09-15,Greenfield,1,Ava,1
2018-09-15,Salem,2,Ava,0
2018-09-15,Mountain Grove,2,Ava,0
2018-09-15,Cabool,2,Ava,0
2018-09-15,Chilhowee,0,Ballard,2
2018-09-15,Sherwood,2,Ballard,0
2018-09-15,St. Pius X (Kansas City),0,Barstow,2
2018-09-15,New Haven,2,Belle,0
2018-09-15,Winfield,2,Belle,0
2018-09-15,Harrisonville,0,Belton,2
2018-09-15,Odessa,1,Belton,2
2018-09-15,Raytown South,2,Belton,0
2018-09-15,William Chrisman,1,Belton,2
2018-09-15,Miller,1,Billings,1
2018-09-15,Fair Grove,1,Billings,1
2018-09-15,Ste. Genevieve,2,Bismarck,0
2018-09-15,St. Vincent,2,Bismarck,0
2018-09-15,Liberty (Mountain View),1,Blair Oaks,2
2018-09-15,West Plains,0,Blair Oaks,2
2018-09-15,Arcadia Valley,2,Bloomfield,1
2018-09-15,Perryville,2,Bloomfield,1
2018-09-15,Staley,0,Blue Springs South,2
2018-09-15,Crane,2,Bolivar,0
2018-09-15,Conway,1,Bolivar,1
2018-09-15,Stockton,2,Bolivar,0
2018-09-15,Lincoln,0,Bolivar,2
2018-09-15,New Haven,1,Bowling Green,1
2018-09-15,Winfield,2,Bowling Green,0
2018-09-15,Belle,1,Bowling Green,1
2018-09-15,McAuley Catholic,2,Bronaugh,0
2018-09-15,Pleasant Hope,2,Bronaugh,0
2018-09-15,Exeter,2,Bronaugh,0
2018-09-15,Excelsior Springs,2,Brookfield,0
2018-09-15,Richmond,1,Brookfield,1
2018-09-15,New Covenant Academy,1,Buffalo,1
2018-09-15,Crane,1,Buffalo,1
2018-09-15,Lincoln,0,Buffalo,2
2018-09-15,Stockton,2,Buffalo,1
2018-09-15,Clearwater,2,Bunker,0
2018-09-15,Jefferson (Festus),2,Bunker,0
2018-09-15,Ellington,2,Bunker,0
2018-09-15,Diamond,0,Butler,2
2018-09-15,Jasper,1,Butler,1
2018-09-15,New Heights Christian,2,Butler,0
2018-09-15,Thayer,0,Cabool,2
2018-09-15,Neosho,0,Cabool,2
2018-09-15,Licking,1,Cabool,1
2018-09-15,Mountain Grove,0,Cabool,2
2018-09-15,Willard,2,Camdenton,0
2018-09-15,Cassville,0,Camdenton,2
2018-09-15,Joplin,0,Camdenton,2
2018-09-15,Webb City,2,Camdenton,0
2018-09-15,Wellington-Napoleon,0,Cameron,2
2018-09-15,Plattsburg,2,Cameron,1
2018-09-15,Orrick,0,Cameron,2
2018-09-15,Lathrop,0,Cameron,2
2018-09-15,Nevada,0,Carl Junction,2
2018-09-15,Carthage,0,Carl Junction,2
2018-09-15,Chillicothe,2,Carrollton,0
2018-09-15,Penney,0,Carrollton,2
2018-09-15,Bishop LeBlond,2,Carrollton,0
2018-09-15,Nevada,0,Carthage,2
2018-09-15,New Covenant Academy,0,Carthage,2
2018-09-15,Bolivar,1,Carthage,1
2018-09-15,Stockton,2,Carthage,0
2018-09-15,Sacred Heart,1,Cassville,1
2018-09-15,Hillcrest,2,Cassville,0
2018-09-15,Lebanon,2,Cassville,0
2018-09-15,Raytown,2,Center,0
2018-09-15,Harrisonville,2,Center,1
2018-09-15,Odessa,2,Center,0
2018-09-15,Versailles,1,Center,1
2018-09-15,Grandview,0,Central (St. Joseph),2
2018-09-15,Raytown,0,Central (St. Joseph),2
2018-09-15,William Chrisman,0,Central (St. Joseph),2
2018-09-15,East (Kansas City),0,Central (St. Joseph),2
2018-09-15,Lafayette (St. Joseph),0,Centralia,2
2018-09-15,Sherwood,2,Chilhowee,0
2018-09-15,Bishop LeBlond,2,Chillicothe,0
2018-09-15,Penney,0,Chillicothe,2
2018-09-15,Excelsior Springs,2,Chillicothe,1
2018-09-15,Lawson,0,Chillicothe,2
2018-09-15,Trinity Catholic,2,Clayton,0
2018-09-15,Ellington,0,Clearwater,2
2018-09-15,Jefferson (Festus),2,Clearwater,0
2018-09-15,West County,2,Clearwater,0
2018-09-15,Crane,2,Conway,0
2018-09-15,Stockton,2,Conway,0
2018-09-15,Lincoln,2,Conway,1
2018-09-15,St. Joseph's Academy,1,Cor Jesu Academy,2
2018-09-15,Lincoln,0,Crane,2
2018-09-15,New Covenant Academy,2,Crane,0
2018-09-15,Herculaneum,0,Cuba,2
2018-09-15,Warrenton,2,Cuba,0
2018-09-15,Confluence Prep Academy Charter,0,Cuba,2
2018-09-15,Bismarck,0,DeSoto,2
2018-09-15,Jasper,0,Diamond,2
2018-09-15,Liberal,2,Diamond,0
2018-09-15,West County,1,Doniphan,1
2018-09-15,Greenville,1,Doniphan,1
2018-09-15,South Iron,1,Doniphan,1
2018-09-15,Jefferson (Festus),2,Doniphan,0
2018-09-15,Liberty (Wentzville),2,Duchesne,0
2018-09-15,Principia,0,Duchesne,2
2018-09-15,Mid-Buchanan,1,East Buchanan,1
2018-09-15,Trenton,0,East Buchanan,2
2018-09-15,Plattsburg,2,East Buchanan,0
2018-09-15,Orrick,0,East Buchanan,2
2018-09-15,New Heights Christian,0,El Dorado Springs,2
2018-09-15,Liberal,0,El Dorado Springs,2
2018-09-15,Jasper,0,El Dorado Springs,2
2018-09-15,Jefferson (Festus),2,Ellington,0
2018-09-15,Richmond,0,Excelsior Springs,2
2018-09-15,Bishop LeBlond,0,Excelsior Springs,2
2018-09-15,McAuley Catholic,2,Exeter,0
2018-09-15,Thomas Jefferson Independent Day,2,Exeter,0
2018-09-15,Sheldon,0,Exeter,2
2018-09-15,Miller,1,Fair Grove,1
2018-09-15,Pierce City,0,Fair Grove,2
2018-09-15,Webb City,0,Festus,2
2018-09-15,Bismarck,0,Festus,2
2018-09-15,Ste. Genevieve,1,Festus,1
2018-09-15,Pattonville,0,Festus,2
2018-09-15,North County,0,Festus,2
2018-09-15,Pattonville,2,Fredericktown,0
2018-09-15,Ste. Genevieve,2,Fredericktown,1
2018-09-15,Windsor (Imperial),2,Fredericktown,0
2018-09-15,North County,2,Fredericktown,0
2018-09-15,Bismarck,0,Fredericktown,2
2018-09-15,Oak Park,2,Glendale,0
2018-09-15,Nixa,2,Glendale,0
2018-09-15,Fort Osage,2,Grain Valley,0
2018-09-15,St. Pius X (Kansas City),1,Grain Valley,1
2018-09-15,Lone Jack,0,Grain Valley,2
2018-09-15,Salem,2,Greenfield,0
2018-09-15,Mountain Grove,2,Greenfield,0
2018-09-15,Plato,1,Greenfield,1
2018-09-15,West County,2,Greenville,0
2018-09-15,South Iron,1,Greenville,1
2018-09-15,Parkway Central,2,Hannibal,0
2018-09-15,Raytown South,1,Harrisonville,1
2018-09-15,Grandview,0,Harrisonville,2
2018-09-15,Lutheran North,2,Hazelwood East,0
2018-09-15,McCluer,0,Hazelwood East,2
2018-09-15,Jennings,1,Hazelwood East,1
2018-09-15,University City,0,Hazelwood East,2
2018-09-15,Riverview Gardens,0,Hazelwood East,2
2018-09-15,Confluence Prep Academy Charter,0,Herculaneum,2
2018-09-15,Warrenton,2,Herculaneum,0
2018-09-15,Sacred Heart,2,Hillcrest,0
2018-09-15,Lebanon,2,Hillcrest,0
2018-09-15,Waynesville,2,Hillcrest,0
2018-09-15,Arcadia Valley,1,Jackson,2
2018-09-15,Advance,3,Jackson,1
2018-09-15,Willard,2,Jefferson City,0
2018-09-15,Sacred Heart,0,Jefferson City,2
2018-09-15,Webb City,1,Jefferson City,1
2018-09-15,Joplin,0,Jefferson City,2
2018-09-15,Lutheran North,2,Jennings,0
2018-09-15,McCluer,0,Jennings,2
2018-09-15,Riverview Gardens,0,Jennings,2
2018-09-15,University City,0,Jennings,2
2018-09-15,Waynesville,0,Joplin,2
2018-09-15,Clever,1,Joplin,1
2018-09-15,Barstow,0,Kearney,2
2018-09-15,St. Michael the Archangel,0,Kearney,2
2018-09-15,Oak Park,0,Kickapoo,2
2018-09-15,Nixa,0,Kickapoo,2
2018-09-15,Sherwood,2,Kingsville,0
2018-09-15,Hannibal,2,Ladue Horton Watkins,0
2018-09-15,Mehlville,2,Ladue Horton Watkins,0
2018-09-15,Parkway Central,2,Ladue Horton Watkins,0
2018-09-15,Northwest (Cedar Hill),1,Ladue Horton Watkins,1
2018-09-15,Troy Buchanan,0,Lafayette (St. Joseph),2
2018-09-15,St. Joseph's Academy,1,Lafayette (Wildwood),2
2018-09-15,Diamond,1,Lamar,1
2018-09-15,Purdy,0,Lamar,2
2018-09-15,Jasper,0,Lamar,2
2018-09-15,Butler,0,Lamar,2
2018-09-15,Liberal,2,Lamar,1
2018-09-15,New Heights Christian,1,Lamar,2
2018-09-15,Wellington-Napoleon,1,Lathrop,1
2018-09-15,Orrick,1,Lathrop,1
2018-09-15,Excelsior Springs,2,Lawson,0
2018-09-15,Bishop LeBlond,2,Lawson,0
2018-09-15,Brookfield,0,Lawson,2
2018-09-15,Richmond,0,Lawson,2
2018-09-15,Sacred Heart,0,Lebanon,2
2018-09-15,Battle,0,Lee's Summit West,2
2018-09-15,Park Hill South,0,Lee's Summit West,2
2018-09-15,New Heights Christian,0,Liberal,2
2018-09-15,School of the Ozarks,0,Liberty (Mountain View),2
2018-09-15,Willow Springs,0,Liberty (Mountain View),2
2018-09-15,Thayer,0,Licking,2
2018-09-15,Neosho,0,Licking,2
2018-09-15,New Covenant Academy,2,Lincoln,0
2018-09-15,Liberty North,0,Logan-Rogersville,2
2018-09-15,Lone Jack,0,Logan-Rogersville,2
2018-09-15,Winnetonka,0,Logan-Rogersville,2
2018-09-15,Raymore-Peculiar,0,Logan-Rogersville,2
2018-09-15,Fort Osage,0,Logan-Rogersville,2
2018-09-15,Kearney,0,Logan-Rogersville,2
2018-09-15,Liberty North,2,Lone Jack,0
2018-09-15,Rock Bridge,0,Marquette,2
2018-09-15,Rockwood Summit,1,Marquette,1
2018-09-15,Hannibal,1,Marquette,2
2018-09-15,Veritas Christian Academy,2,Marquette,1
2018-09-15,Westminster Christian Academy,0,Marquette,2
2018-09-15,Northwest (Cedar Hill),2,Marquette,1
2018-09-15,Lutheran North,2,McCluer,0
2018-09-15,University City,0,McCluer,2
2018-09-15,Riverview Gardens,0,McCluer,2
2018-09-15,Parkway South,2,McCluer North,0
2018-09-15,Trinity Catholic,2,McCluer North,0
2018-09-15,Hannibal,0,Mehlville,2
2018-09-15,Northwest (Cedar Hill),1,Mehlville,1
2018-09-15,Parkway Central,0,Mehlville,2
2018-09-15,Veritas Christian Academy,2,Mehlville,0
2018-09-15,Plattsburg,0,Mid-Buchanan,2
2018-09-15,Wellington-Napoleon,0,Mid-Buchanan,2
2018-09-15,Wheaton,0,Miller,2
2018-09-15,Fair Grove,2,Monett,0
2018-09-15,Billings,2,Monett,0
2018-09-15,Miller,2,Monett,0
2018-09-15,Plato,1,Mountain Grove,1
2018-09-15,Neosho,0,Mountain Grove,2
2018-09-15,Thayer,0,Neosho,2
2018-09-15,Winfield,1,New Haven,1
2018-09-15,South Harrison,0,Nodaway-Holt,2
2018-09-15,Pattonville,1,North County,1
2018-09-15,Webb City,2,North County,1
2018-09-15,Bismarck,0,North County,2
2018-09-15,Windsor (Imperial),1,North County,1
2018-09-15,Grain Valley,2,North Kansas City,0
2018-09-15,Winnetonka,2,North Kansas City,0
2018-09-15,St. Pius X (Kansas City),2,North Kansas City,0
2018-09-15,Fort Osage,1,North Kansas City,1
2018-09-15,Hannibal,0,Northwest (Cedar Hill),2
2018-09-15,Westminster Christian Academy,1,Northwest (Cedar Hill),2
2018-09-15,Parkway Central,2,Northwest (Cedar Hill),0
2018-09-15,Raytown,0,Odessa,2
2018-09-15,Versailles,0,Odessa,2
2018-09-15,Wright City,0,Orchard Farm,2
2018-09-15,Liberty (Wentzville),2,Orchard Farm,0
2018-09-15,Wellington-Napoleon,2,Orrick,0
2018-09-15,Barstow,0,Park Hill,2
2018-09-15,St. Charles,1,Park Hill,1
2018-09-15,Kearney,2,Park Hill,0
2018-09-15,Raymore-Peculiar,2,Park Hill,1
2018-09-15,Staley,0,Park Hill South,2
2018-09-15,Battle,0,Park Hill South,2
2018-09-15,Rockwood Summit,2,Parkway Central,0
2018-09-15,Trinity Catholic,0,Parkway South,2
2018-09-15,Union,0,Parkway South,2
2018-09-15,St. Charles West,0,Parkway South,2
2018-09-15,Windsor (Imperial),1,Pattonville,1
2018-09-15,Bismarck,0,Pattonville,2
2018-09-15,Bishop LeBlond,2,Penney,0
2018-09-15,Wheaton,1,Pierce City,1
2018-09-15,Raymore-Peculiar,1,Platte County,1
2018-09-15,St. Michael the Archangel,2,Platte County,0
2018-09-15,Winnetonka,1,Platte County,2
2018-09-15,St. Charles,0,Platte County,2
2018-09-15,Grain Valley,0,Platte County,2
2018-09-15,St. Pius X (Kansas City),0,Platte County,2
2018-09-15,McAuley Catholic,1,Pleasant Hope,1
2018-09-15,Sheldon,0,Pleasant Hope,2
2018-09-15,Thomas Jefferson Independent Day,0,Pleasant Hope,2
2018-09-15,West Plains,0,Poplar Bluff,2
2018-09-15,Willow Springs,0,Poplar Bluff,2
2018-09-15,Liberty (Mountain View),2,Poplar Bluff,0
2018-09-15,School of the Ozarks,0,Poplar Bluff,2
2018-09-15,Rolla,2,Poplar Bluff,0
2018-09-15,St. James,0,Potosi,2
2018-09-15,Warsaw,2,Potosi,0
2018-09-15,Bourbon,0,Potosi,2
2018-09-15,Cuba,2,Potosi,1
2018-09-15,El Dorado Springs,2,Purdy,0
2018-09-15,Liberal,2,Purdy,0
2018-09-15,New Heights Christian,2,Purdy,0
2018-09-15,St. Pius X (Kansas City),0,Raymore-Peculiar,2
2018-09-15,St. Michael the Archangel,1,Raymore-Peculiar,1
2018-09-15,Liberty North,1,Raymore-Peculiar,2
2018-09-15,Versailles,2,Raytown,0
2018-09-15,William Chrisman,2,Raytown South,0
2018-09-15,Lutheran North,2,Riverview Gardens,0
2018-09-15,University City,0,Riverview Gardens,2
2018-09-15,Veritas Christian Academy,2,Rock Bridge,0
2018-09-15,St. Joseph Christian,2,Rock Port,1
2018-09-15,Westminster Christian Academy,0,Rockwood Summit,2
2018-09-15,Rock Bridge,0,Rockwood Summit,2
2018-09-15,Veritas Christian Academy,1,Rockwood Summit,1
2018-09-15,Blair Oaks,1,Rolla,1
2018-09-15,Liberty (Mountain View),1,Rolla,2
2018-09-15,Mountain Grove,2,Salem,0
2018-09-15,Plato,0,Salem,2
2018-09-15,Neosho,2,Salem,1
2018-09-15,Thomas Jefferson Independent Day,1,Sheldon,1
2018-09-15,West County,2,South Iron,0
2018-09-15,Trinity Catholic,2,St. Charles West,0
2018-09-15,Union,2,St. Charles West,0
2018-09-15,St. Joseph's Academy,2,St. Joseph's Academy,1
2018-09-15,Herculaneum,2,St. James,1
2018-09-15,Bourbon,1,St. James,1
2018-09-15,Warsaw,1,St. James,1
2018-09-15,St. Michael the Archangel,1,St. Pius X (Kansas City),1
2018-09-15,Liberty North,2,St. Pius X (Kansas City),0
2018-09-15,Fort Osage,0,St. Pius X (Kansas City),2
2018-09-15,Herculaneum,0,Warsaw,2
2018-09-15,Bourbon,0,Warsaw,2
2018-09-15,Ste. Genevieve,2,Webb City,0
2018-09-15,Bismarck,0,Webb City,2
2018-09-15,Windsor (Imperial),0,Webb City,2
2018-09-15,Mid-Buchanan,2,Trenton,0
2018-09-15,Plattsburg,1,Trenton,1
2018-09-15,Lathrop,1,Trenton,2
2018-09-15,Barstow,2,St. Charles,0
2018-09-15,Kearney,2,St. Charles,0
2018-09-15,Trinity Catholic,1,Union,2
2018-09-15,Lutheran North,2,University City,0
2018-09-15,Confluence Prep Academy Charter,0,Warrenton,2
2018-09-15,Willard,2,Waynesville,0
2018-09-15,Webb City,2,Waynesville,0
2018-09-15,Lebanon,2,Webb City,0
2018-09-15,Clever,1,Webb City,1
2018-09-15,Jefferson (Festus),2,West County,1
2018-09-15,School of the Ozarks,1,West Plains,1
2018-09-15,Willow Springs,1,West Plains,1
2018-09-15,Liberty (Mountain View),1,West Plains,1
2018-09-15,Rock Bridge,1,Westminster Christian Academy,1
2018-09-15,Veritas Christian Academy,2,Westminster Christian Academy,0
2018-09-15,Clever,0,Willard,2
2018-09-15,Lebanon,0,Willard,2
2018-09-15,Grandview,0,William Chrisman,2
2018-09-15,School of the Ozarks,2,Willow Springs,0
2018-09-15,Liberty North,1,Winnetonka,1
2018-09-15,Lone Jack,0,Winnetonka,2
2018-09-15,Barstow,1,Winnetonka,2
2018-09-15,Principia,0,Wright City,2
2018-09-17,Notre Dame (Cape Girardeau),0,Advance,2
2018-09-17,Pattonville,2,Affton,1
2018-09-17,Puxico,0,Bell City,2
2018-09-17,Poplar Bluff,0,Bernie,2
2018-09-17,Forsyth,0,Billings,2
2018-09-17,Valley Park,0,Bishop DuBourg,2
2018-09-17,Sikeston,1,Bloomfield,2
2018-09-17,Eldon,0,Boonville,2
2018-09-17,Warsaw,2,Bourbon,1
2018-09-17,Hillcrest,0,Branson,2
2018-09-17,Northeast Vernon County,2,Bronaugh,1
2018-09-17,Osage,2,Buffalo,1
2018-09-17,Southern Boone,0,Camdenton,2
2018-09-17,St. Joseph's Academy,1,Cardinal Ritter,0
2018-09-17,Northeast (Kansas City),2,Central (Kansas City),1
2018-09-17,Summersville,0,Central (New Madrid County),2
2018-09-17,California,2,Centralia,0
2018-09-17,Hollister,0,Clever,2
2018-09-17,Hayti,0,Cooter,2
2018-09-17,Hurley,1,Crane,2
2018-09-17,East (Kansas City),0,Cristo Rey,3
2018-09-17,Fredericktown,2,Crystal City,0
2018-09-17,Union,1,Cuba,2
2018-09-17,St. Joseph Christian,0,East Buchanan,2
2018-09-17,Pierce City,0,East Newton,2
2018-09-17,Willow Springs,0,Eminence,2
2018-09-17,Niangua,2,Everton,1
2018-09-17,Arcadia Valley,2,Farmington,0
2018-09-17,McCluer North,0,Fox,2
2018-09-17,Washington,1,Ft. Zumwalt South,1
2018-09-17,North Technical,1,Gateway Science Charter,2
2018-09-17,Ruskin,0,Grandview,2
2018-09-17,St. Clair,2,Grandview (Hillsboro),0
2018-09-17,Osceola,0,Green Ridge,2
2018-09-17,Normandy Collaborative,0,Hazelwood East,2
2018-09-17,Hickman,0,Hermann,2
2018-09-17,Perryville,2,Hillsboro,1
2018-09-17,Kennett,2,Holcomb,0
2018-09-17,Bronaugh,1,Hume,2
2018-09-17,Northeast Vernon County,2,Hume,1
2018-09-17,Central (Park Hills),0,Jackson,2
2018-09-17,University City,0,Jennings,2
2018-09-17,Concordia,2,Kingsville,0
2018-09-17,Parkway Central,2,Kirkwood,0
2018-09-17,Windsor,2,Lakeland,0
2018-09-17,Richmond,0,Lawson,1
2018-09-17,Raymore-Peculiar,2,Lee's Summit North,1
2018-09-17,Bunker,0,Lesterville,2
2018-09-17,St. James,0,Licking,2
2018-09-17,Metro,2,Lift for Life Academy Charter,1
2018-09-17,Southeast,0,Lincoln College Prep,2
2018-09-17,Blair Oaks,2,Linn,0
2018-09-17,Oran,0,Malden,2
2018-09-17,Parkview,1,Marshfield,2
2018-09-17,McCluer South-Berkeley,0,McCluer,2
2018-09-17,Neosho,2,McDonald County,1
2018-09-17,Leopold,2,Meadow Heights,0
2018-09-17,Fulton,0,Mexico,2
2018-09-17,St. Joseph's Academy,2,Nerinx Hall,0
2018-09-17,Sarcoxie,0,North Callaway,2
2018-09-17,Delta (Deering),0,North Pemiscot,2
2018-09-17,St. James,0,North Platte,2
2018-09-17,West Platte,2,Northland Christian,0
2018-09-17,Marquette,1,Northwest (Cedar Hill),2
2018-09-17,John Burroughs,0,Notre Dame (St. Louis),2
2018-09-17,Knob Noster,0,Oak Grove,2
2018-09-17,Lutheran St. Charles,2,Orchard Farm,0
2018-09-17,Calvary Lutheran,2,Otterville,0
2018-09-17,Montgomery County,0,Owensville,2
2018-09-17,Whitfield,0,Parkway North,2
2018-09-17,Benton,0,Pembroke Hill,2
2018-09-17,Dixon,0,Plato,2
2018-09-17,St. Pius X (Kansas City),2,Pleasant Hill,0
2018-09-17,St. Clair,0,Portageville,2
2018-09-17,Webb City,2,Potosi,0
2018-09-17,Marionville,2,Purdy,1
2018-09-17,Clayton,2,Ritenour,0
2018-09-17,Fatima,1,Rock Bridge,2
2018-09-17,Sacred Heart,2,Savannah,0
2018-09-17,Oak Ridge,1,Saxony Lutheran,2
2018-09-17,Hazelwood West,0,Seckman,2
2018-09-17,El Dorado Springs,2,Sherwood,1
2018-09-17,Blue Eye,2,Southwest (Washburn),0
2018-09-17,Chadwick,0,Spokane,2
2018-09-17,Francis Howell Central,1,St. Dominic,2
2018-09-17,Summit Christian Academy,0,St. Michael the Archangel,2
2018-09-17,Marquand-Zion,0,St. Paul Lutheran (Farmington),2
2018-09-17,Bunceton,0,Willard,2
2018-09-17,St. Vincent,0,Valle Catholic,2
2018-09-17,Cole Camp,2,Versailles,1
2018-09-17,Clearwater,2,Viburnum,1
2018-09-17,Jefferson (Festus),2,West County,0
2018-09-17,Lebanon,0,Willard,2
2018-09-17,Dexter,2,Woodland,1
2018-09-17,Warrenton,2,Wright City,0
2018-09-17,Charleston,0,Zalma,2
2018-09-18,Lamar,1,Adrian,2
2018-09-18,North County,0,Arcadia Valley,2
2018-09-18,Chilhowee,1,Ballard,2
2018-09-18,Park Hill,1,Blue Springs,2
2018-09-18,Lee's Summit North,0,Blue Springs South,2
2018-09-18,Bayless,0,Brentwood,2
2018-09-18,Buffalo,1,Butler,2
2018-09-18,Liberty (Mountain View),2,Cabool,0
2018-09-18,Carl Junction,1,Carthage,2
2018-09-18,Portageville,0,Caruthersville,2
2018-09-18,Perryville,2,Central (Park Hills),0
2018-09-18,Staley,2,Central (St. Joseph),1
2018-09-18,St. Clair,1,Charleston,2
2018-09-18,Cameron,1,Chillicothe,2
2018-09-18,Central (New Madrid County),0,Clarkton,2
2018-09-18,Lincoln,0,Cole Camp,2
2018-09-18,Wellington-Napoleon,2,Concordia,1
2018-09-18,Seneca,2,Crane,1
2018-09-18,Hancock,0,Crossroads College Preparatory,2
2018-09-18,Hayti,0,Delta (Deering),2
2018-09-18,Farmington,2,DeSoto,0
2018-09-18,Liberal,2,Diamond,1
2018-09-18,Clearwater,2,Doniphan,0
2018-09-18,Kingsville,2,Drexel,1
2018-09-18,Wheaton,0,East Newton,2
2018-09-18,Northwest (Cedar Hill),0,Eureka,2
2018-09-18,Odessa,0,Excelsior Springs,2
2018-09-18,Springfield Catholic,0,Fair Grove,2
2018-09-18,Helias Catholic,2,Fatima,0
2018-09-18,William Chrisman,1,Fort Osage,2
2018-09-18,Ft. Zumwalt West,2,Francis Howell Central,0
2018-09-18,Valle Catholic,2,Fredericktown,0
2018-09-18,Ft. Zumwalt South,1,Ft. Zumwalt East,2
2018-09-18,Clever,2,Galena,0
2018-09-18,Collegiate School of Med-Bio Science,1,Gateway,2
2018-09-18,Logan-Rogersville,2,Glendale,0
2018-09-18,Platte County,2,Grain Valley,0
2018-09-18,La Monte,0,Green Ridge,2
2018-09-18,Jasper,2,Greenfield,0
2018-09-18,Eugene,0,Hallsville,2
2018-09-18,Warrensburg,1,Harrisonville,2
2018-09-18,Crystal City,0,Herculaneum,2
2018-09-18,St. Paul Lutheran (Concordia),0,Hickman,2
2018-09-18,Francis Howell,2,Holt,0
2018-09-18,Thayer,0,Houston,2
2018-09-18,School of the Ozarks,0,Hurley,2
2018-09-18,Battle,0,Jefferson City,2
2018-09-18,Webb City,2,Joplin,0
2018-09-18,Senath-Hornersville,0,Kennett,2
2018-09-18,Mexico,0,Kirksville,2
2018-09-18,Holden,2,Knob Noster,0
2018-09-18,Cor Jesu Academy,0,Lafayette (Wildwood),2
2018-09-18,Carrollton,0,Lafayette County,2
2018-09-18,Bishop LeBlond,2,Lathrop,0
2018-09-18,Notre Dame de Sion,0,Lee's Summit West,2
2018-09-18,Bell City,0,Leopold,2
2018-09-18,Bismarck,0,Lesterville,2
2018-09-18,Liberty,2,Liberty North,0
2018-09-18,Belle,1,Linn,2
2018-09-18,Golden City,0,Lockwood,2
2018-09-18,Archie,0,Lutheran (Kansas City),2
2018-09-18,Westminster Christian Academy,0,Lutheran South,2
2018-09-18,Bernie,2,Malden,0
2018-09-18,Bolivar,0,Marshfield,2
2018-09-18,Thomas Jefferson Independent Day,0,McAuley Catholic,2
2018-09-18,South Iron,0,Meadow Heights,2
2018-09-18,Miller Career Academy,0,Metro,2
2018-09-18,Principia,0,MICDS,2
2018-09-18,Sherwood,1,Midway,2
2018-09-18,Verona,0,Miller,2
2018-09-18,Parkview,2,Monett,0
2018-09-18,Centralia,0,Montgomery County,0
2018-09-18,Ava,1,Mountain Grove,2
2018-09-18,Republic,2,Neosho,0
2018-09-18,Clinton,0,Nevada,2
2018-09-18,Spokane,1,New Covenant Academy,2
2018-09-18,Exeter,0,New Heights Christian,2
2018-09-18,Willard,1,Nixa,2
2018-09-18,Ruskin,0,North Kansas City,2
2018-09-18,Maryville,2,Northland Christian,0
2018-09-18,Poplar Bluff,1,Notre Dame (Cape Girardeau),2
2018-09-18,Pleasant Hill,2,Oak Grove,0
2018-09-18,Belton,0,Oak Park,2
2018-09-18,Greenville,0,Oak Ridge,2
2018-09-18,Lawson,2,Orrick,0
2018-09-18,Tipton,2,Otterville,0
2018-09-18,Webb City,2,Owensville,1
2018-09-18,Branson,0,Ozark,2
2018-09-18,Lindbergh,2,Parkway South,0
2018-09-18,Center,0,Raytown,2
2018-09-18,Kearney,2,Raytown South,0
2018-09-18,Cassville,0,Reeds Spring,2
2018-09-18,Lexington,2,Richmond,0
2018-09-18,Bishop DuBourg,0,Springfield Catholic,2
2018-09-18,Dixon,1,Sarcoxie,2
2018-09-18,Lone Jack,0,Santa Fe,2
2018-09-18,Mt. Vernon,1,Sarcoxie,2
2018-09-18,Oran,0,Seneca,2
2018-09-18,Rich Hill,2,Sheldon,0
2018-09-18,Jackson,2,Sikeston,0
2018-09-18,Ash Grove,1,Skyline,2
2018-09-18,St. Michael the Archangel,1,Savannah,2
2018-09-18,Carnahan,2,Soldan International Studies,0
2018-09-18,Campbell,2,Summersville,0
2018-09-18,Conway,0,Union,2
2018-09-18,St. Charles,0,St. Charles West,2
2018-09-18,New Haven,0,St. Clair,2
2018-09-18,Villa Duchesne,0,St. Joseph's Academy,2
2018-09-18,Pacific,2,St. James,0
2018-09-18,Visitation Academy,1,St. Joseph's Academy,2
2018-09-18,Ste. Genevieve,1,St. Pius X (Festus),2
2018-09-18,Kingston,0,Warsaw,2
2018-09-18,Sacred Heart,2,Willard,0
2018-09-18,Winona,1,Wright City,2
2018-09-18,Versailles,0,Summit Christian Academy,3
2018-09-18,Roosevelt,2,West Plains,0
2018-09-18,Ft. Zumwalt North,1,Timberland,2
2018-09-18,Penney,0,Trenton,2
2018-09-18,Duchesne,0,Trinity Catholic,2
2018-09-18,Francis Howell North,2,Troy Buchanan,1
2018-09-18,Park Hill South,2,St. Charles,0
2018-09-18,Hermann,2,Union,0
2018-09-18,Barstow,3,University Academy Charter,0
2018-09-18,Parkway West,0,Ursuline Academy,2
2018-09-18,Maplewood-Richmond Hts.,2,Valley Park,0
2018-09-18,Transportation and Law,0,Waynesville,1
2018-09-18,Smithton,2,Warsaw,0
2018-09-18,Liberty (Wentzville),0,Washington,2
2018-09-18,Central (Springfield),0,Waynesville,2
2018-09-18,Mehlville,2,Webster Groves,0
2018-09-18,Winona,2,West Plains,0
2018-09-18,South Harrison,0,West Platte,2
2018-09-18,Salem,0,Willow Springs,2
2018-09-18,Northwest (Hughesville),1,Windsor,2
2018-09-18,Sparta,1,Winnetonka,2
2018-09-18,Central (Cape Girardeau),1,Woodland,2
2018-09-18,Puxico,2,Zalma,1
2018-09-19,Brentwood,0,Bishop DuBourg,2
2018-09-19,Calhoun,0,Bunceton,2
2018-09-19,West Plains,0,Cardinal Ritter,2
2018-09-19,Seneca,0,Central (Cape Girardeau),2
2018-09-19,North Pemiscot,2,Hayti,1
2018-09-19,Pattonville,2,Hazelwood West,1
2018-09-19,Windsor (Imperial),2,Hillsboro,1
2018-09-19,Ft. Zumwalt North,1,Holt,2
2018-09-19,Hazelwood East,0,Jennings,2
2018-09-19,St. James,2,Lee's Summit,0
2018-09-19,Veritas Christian Academy,1,Lutheran St. Charles,2
2018-09-19,Lift for Life Academy Charter,0,Maplewood-Richmond Hts.,2
2018-09-19,Seckman,2,McCluer North,0
2018-09-19,Riverview Gardens,2,Normandy Collaborative,0
2018-09-19,Bayless,2,North Technical,0
2018-09-19,West County,2,Potosi,1
2018-09-19,Affton,2,Ritenour,0
2018-09-19,Mehlville,1,Rockwood Summit,2
2018-09-19,Ste. Genevieve,2,Saxony Lutheran,0
2018-09-19,St. Dominic,2,St. Charles West,0
2018-09-19,Duchesne,0,Troy Buchanan,2
2018-09-19,McCluer,2,University City,0
2018-09-19,Versailles,0,William Chrisman,2
2018-09-20,Saxony Lutheran,0,Advance,2
2018-09-20,Sarcoxie,2,Ash Grove,0
2018-09-20,Seneca,2,Aurora,1
2018-09-20,Summit Christian Academy,0,Barstow,3
2018-09-20,Hickman,2,Battle,0
2018-09-20,Dexter,2,Bell City,0
2018-09-20,William Chrisman,2,Belton,0
2018-09-20,Savannah,0,Benton,2
2018-09-20,St. Pius X (Kansas City),2,Bishop LeBlond,0
2018-09-20,Central (Park Hills),2,Bismarck,0
2018-09-20,Lee's Summit West,0,Blue Springs South,2
2018-09-20,Viburnum,2,Bourbon,0
2018-09-20,South Harrison,0,Brookfield,2
2018-09-20,Sherwood,0,Buffalo,2
2018-09-20,Calvary Lutheran,2,Bunceton,0
2018-09-20,Stockton,0,Butler,2
2018-09-20,Mountain Grove,1,Cabool,2
2018-09-20,Kingsville,2,Calhoun,0
2018-09-20,Glendale,2,Camdenton,0
2018-09-20,Maryville,2,Cameron,1
2018-09-20,Cooter,0,Campbell,2
2018-09-20,Charleston,0,Campbell,2
2018-09-20,Republic,0,Carl Junction,2
2018-09-20,Knob Noster,0,Carrollton,2
2018-09-20,Nixa,2,Carthage,0
2018-09-20,Lincoln College Prep,2,Central (Kansas City),0
2018-09-20,Charleston,0,Central (New Madrid County),2
2018-09-20,Cooter,0,Central (New Madrid County),2
2018-09-20,Campbell,2,Central (New Madrid County),0
2018-09-20,Fair Grove,2,Central (Springfield),0
2018-09-20,North Callaway,0,Centralia,2
2018-09-20,Cooter,1,Charleston,1
2018-09-20,Winona,2,Clearwater,0
2018-09-20,Blue Eye,0,Clever,2
2018-09-20,Marshall,0,Clinton,2
2018-09-20,Dixon,0,Conway,2
2018-09-20,Concordia,0,Crest Ridge,2
2018-09-20,Valley Park,0,Crossroads College Preparatory,2
2018-09-20,Belle,0,Cuba,2
2018-09-20,Portageville,2,Delta (Deering),0
2018-09-20,Richland (Essex),2,Delta (Deering),0
2018-09-20,Midway,2,Drexel,0
2018-09-20,Warsaw,0,El Dorado Springs,2
2018-09-20,Versailles,0,Eldon,2
2018-09-20,Fordland,2,Everton,0
2018-09-20,Jefferson City,2,Fatima,0
2018-09-20,DeSoto,1,Festus,2
2018-09-20,Hollister,2,Forsyth,0
2018-09-20,Helias Catholic,2,Francis Howell,0
2018-09-20,Marquette,0,Francis Howell,2
2018-09-20,Oakville,1,Francis Howell,1
2018-09-20,Springfield Catholic,0,Francis Howell,2
2018-09-20,Ft. Zumwalt East,0,Francis Howell North,2
2018-09-20,Ft. Zumwalt West,0,Ft. Zumwalt South,2
2018-09-20,Crane,2,Galena,0
2018-09-20,Miller Career Academy,0,Gateway,2
2018-09-20,Winnetonka,1,Grain Valley,2
2018-09-20,Northwest (Hughesville),0,Green Ridge,2
2018-09-20,Exeter,0,Greenfield,2
2018-09-20,Doniphan,0,Greenville,2
2018-09-20,Blair Oaks,2,Hallsville,0
2018-09-20,McCluer,2,Hancock,0
2018-09-20,Kirksville,0,Hannibal,2
2018-09-20,Portageville,2,Hayti,0
2018-09-20,Richland (Essex),2,Hayti,0
2018-09-20,Delta (Deering),0,Hayti,2
2018-09-20,University City,0,Hazelwood East,2
2018-09-20,Springfield Catholic,0,Helias Catholic,2
2018-09-20,St. James,0,Hermann,2
2018-09-20,Bolivar,2,Hillcrest,1
2018-09-20,Caruthersville,1,Holcomb,2
2018-09-20,Lexington,0,Holden,2
2018-09-20,Liberty (Mountain View),2,Houston,0
2018-09-20,Arcadia Valley,2,Jefferson (Festus),0
2018-09-20,Branson,2,Joplin,1
2018-09-20,Lebanon,0,Kickapoo,2
2018-09-20,Parkway South,0,Ladue Horton Watkins,2
2018-09-20,Chillicothe,0,Lafayette (St. Joseph),2
2018-09-20,Richmond,0,Lafayette County,2
2018-09-20,Archie,2,Lakeland,0
2018-09-20,Plattsburg,1,Lawson,2
2018-09-20,Zalma,0,Leopold,2
2018-09-20,Osceola,2,Liberal,0
2018-09-20,Staley,2,Liberty,0
2018-09-20,Holt,2,Liberty (Wentzville),1
2018-09-20,St. Charles,0,Liberty North,2
2018-09-20,La Monte,0,Lincoln,0
2018-09-20,Washington,2,Lindbergh,0
2018-09-20,Villa Duchesne,2,Lindbergh,0
2018-09-20,Lutheran South,1,Lindbergh,1
2018-09-20,Parkway West,0,Lindbergh,2
2018-09-20,Lutheran (Kansas City),2,Lone Jack,0
2018-09-20,Principia,0,Lutheran North,2
2018-09-20,Villa Duchesne,0,Lutheran South,2
2018-09-20,Diamond,1,Marionville,2
2018-09-20,Helias Catholic,2,Marquette,0
2018-09-20,Oakville,1,Marquette,1
2018-09-20,Parkway West,0,Marquette,2
2018-09-20,Purdy,0,McAuley Catholic,2
2018-09-20,New Heights Christian,2,McDonald County,0
2018-09-20,Waynesville,2,McKinley Classical Leadership,0
2018-09-20,Lafayette (Wildwood),2,Mehlville,1
2018-09-20,Bowling Green,1,Mexico,2
2018-09-20,Hume,2,Miami (Amoret),1
2018-09-20,East Buchanan,1,Mid-Buchanan,2
2018-09-20,Pierce City,0,Miller,2
2018-09-20,Lamar,2,Monett,1
2018-09-20,Wright City,0,Montgomery County,2
2018-09-20,East Newton,2,Mt. Vernon,0
2018-09-20,Willard,2,Neosho,0
2018-09-20,McCluer South-Berkeley,2,Normandy Collaborative,0
2018-09-20,Center,0,North Kansas City,2
2018-09-20,Penney,0,North Platte,2
2018-09-20,Hogan Prep Academy Charter,0,Northeast (Kansas City),2
2018-09-20,Pembroke Hill,2,Northland Christian,0
2018-09-20,Excelsior Springs,1,Oak Grove,2
2018-09-20,Raytown,0,Oak Park,2
2018-09-20,Helias Catholic,1,Oakville,1
2018-09-20,Springfield Catholic,0,Oakville,2
2018-09-20,Ritenour,1,Orchard Farm,2
2018-09-20,Cole Camp,2,Otterville,0
2018-09-20,New Haven,0,Owensville,2
2018-09-20,St. Clair,0,Pacific,3
2018-09-20,Raymore-Peculiar,2,Park Hill,0
2018-09-20,Lee's Summit,0,Park Hill South,2
2018-09-20,Rolla,2,Parkview,1
2018-09-20,Northwest (Cedar Hill),2,Parkway North,0
2018-09-20,Villa Duchesne,1,Parkway West,1
2018-09-20,Washington,2,Parkway West,0
2018-09-20,Lutheran South,2,Parkway West,0
2018-09-20,Licking,2,Plato,0
2018-09-20,Grandview,0,Platte County,2
2018-09-20,Harrisonville,0,Pleasant Hill,2
2018-09-20,Lockwood,0,Pleasant Hope,2
2018-09-20,Kennett,0,Poplar Bluff,2
2018-09-20,Richland (Essex),0,Portageville,2
2018-09-20,Bernie,2,Puxico,0
2018-09-20,Adrian,2,Rich Hill,0
2018-09-20,Jennings,2,Riverview Gardens,0
2018-09-20,Nodaway-Holt,0,Rock Port,2
2018-09-20,Carnahan,0,Roosevelt,2
2018-09-20,Fort Osage,2,Ruskin,0
2018-09-20,Missouri School for the Deaf,0,Sarcoxie,2
2018-09-20,Orrick,0,Santa Fe,2
2018-09-20,Springfield Catholic,0,School of the Ozarks,2
2018-09-20,Thomas Jefferson Independent Day,2,Sheldon,0
2018-09-20,Seneca,0,Sikeston,2
2018-09-20,Nevada,2,Savannah,0
2018-09-20,Raytown South,0,Sparta,2
2018-09-20,Transportation and Law,1,Soldan International Studies,2
2018-09-20,St. Joseph Christian,2,St. James,0
2018-09-20,Ellington,2,South Iron,0
2018-09-20,Fulton,0,Southern Boone,2
2018-09-20,Billings,2,Union,0
2018-09-20,Hazelwood West,0,St. Charles,2
2018-09-20,Father Tolton,0,St. Joseph's Academy,2
2018-09-20,Rock Bridge,2,St. Paul Lutheran (Concordia),1
2018-09-20,Blue Springs,0,St. Teresa's Academy,2
2018-09-20,Grandview (Hillsboro),0,St. Vincent,2
2018-09-20,Union,1,Webb City,2
2018-09-20,Lesterville,2,Wright City,0
2018-09-20,Metro,2,West Plains,0
2018-09-20,Salem,2,Thayer,0
2018-09-20,Smithton,1,Tipton,1
2018-09-20,North County,0,Valle Catholic,2
2018-09-20,Bunker,2,Valley,1
2018-09-20,Wheaton,2,Verona,0
2018-09-20,Odessa,2,Warrensburg,1
2018-09-20,Villa Duchesne,0,Washington,2
2018-09-20,Lutheran South,2,Washington,0
2018-09-20,Ozark,2,Webb City,0
2018-09-20,Kingston,0,West County,2
2018-09-20,Waynesville,0,West Plains,2
2018-09-20,Lathrop,0,West Platte,2
2018-09-20,Affton,2,Westminster Christian Academy,1
2018-09-20,Clayton,2,Whitfield,0
2018-09-20,Ava,0,Willow Springs,2
2018-09-20,Sacred Heart,2,Windsor,1
2018-09-20,Meadow Heights,1,Woodland,2
2018-09-21,Arcadia Valley,0,Advance,2
2018-09-21,Fordland,0,Billings,2
2018-09-21,Linn,0,Calvary Lutheran,2
2018-09-21,Southland,0,Clarkton,2
2018-09-21,Holcomb,1,Clarkton,1
2018-09-21,Nerinx Hall,2,Duchesne,0
2018-09-21,Ursuline Academy,2,Duchesne,0
2018-09-21,Bunceton,0,Eugene,2
2018-09-21,Nerinx Hall,0,Eureka,2
2018-09-21,Timberland,0,Eureka,2
2018-09-21,Ursuline Academy,0,Eureka,2
2018-09-21,Duchesne,0,Eureka,2
2018-09-21,Exeter,1,Golden City,2
2018-09-21,Bayless,1,Hancock,2
2018-09-21,Southland,1,Holcomb,1
2018-09-21,Southwest (Washburn),1,Hurley,3
2018-09-21,Webster Groves,1,Jackson,1
2018-09-21,Visitation Academy,1,Jackson,1
2018-09-21,St. Dominic,2,Jackson,0
2018-09-21,Kirkwood,0,Jackson,2
2018-09-21,Webster Groves,2,Kirkwood,0
2018-09-21,St. Dominic,2,Kirkwood,0
2018-09-21,Visitation Academy,2,Kirkwood,0
2018-09-21,McCluer North,0,Lutheran North,2
2018-09-21,Crossroads College Preparatory,0,Maplewood-Richmond Hts.,2
2018-09-21,Ursuline Academy,2,Nerinx Hall,0
2018-09-21,Plato,2,Niangua,0
2018-09-21,Summersville,2,North Pemiscot,0
2018-09-21,Normandy Collaborative,0,North Technical,2
2018-09-21,Bloomfield,0,Notre Dame (Cape Girardeau),2
2018-09-21,Fox,1,Parkway Central,2
2018-09-21,Union,1,Purdy,2
2018-09-21,Clarkton,2,Senath-Hornersville,0
2018-09-21,Southland,0,Senath-Hornersville,2
2018-09-21,Holcomb,2,Senath-Hornersville,0
2018-09-21,Visitation Academy,1,St. Dominic,1
2018-09-21,Cardinal Ritter,2,West Plains,0
2018-09-21,Nerinx Hall,0,Timberland,2
2018-09-21,Duchesne,0,Timberland,2
2018-09-21,Ursuline Academy,0,Timberland,2
2018-09-21,Summersville,2,St. Clair,0
2018-09-21,North Pemiscot,2,St. Clair,0
2018-09-21,Villa Duchesne,1,Ursuline Academy,2
2018-09-21,Brentwood,0,Valley Park,2
2018-09-21,Valley,0,Viburnum,2
2018-09-21,Visitation Academy,2,Webster Groves,0
2018-09-21,St. Dominic,1,Webster Groves,1
2018-09-21,Puxico,2,Zalma,1
2018-09-22,East Newton,1,Aurora,1
2018-09-22,El Dorado Springs,1,Aurora,1
2018-09-22,Springfield Catholic,0,Aurora,2
2018-09-22,Lutheran (Kansas City),2,Benton,0
2018-09-22,Lakeland,0,Benton,2
2018-09-22,West Platte,2,Benton,0
2018-09-22,Verona,0,Blue Eye,2
2018-09-22,Southwest (Washburn),0,Blue Eye,2
2018-09-22,Spokane,0,Blue Eye,2
2018-09-22,McAuley Catholic,0,Blue Eye,2
2018-09-22,Bradleyville,0,Blue Eye,2
2018-09-22,McAuley Catholic,2,Bradleyville,0
2018-09-22,Galena,2,Bradleyville,0
2018-09-22,New Covenant Academy,2,Bradleyville,0
2018-09-22,Rock Bridge,2,Branson,0
2018-09-22,Sacred Heart,0,Branson,2
2018-09-22,Tipton,2,Brookfield,0
2018-09-22,Father Tolton,2,Brookfield,0
2018-09-22,Rock Bridge,2,Camdenton,0
2018-09-22,Battle,0,Camdenton,2
2018-09-22,Kearney,2,Camdenton,0
2018-09-22,Clarkton,3,Campbell,0
2018-09-22,Portageville,2,Campbell,1
2018-09-22,Holcomb,0,Campbell,2
2018-09-22,Ruskin,1,Center,1
2018-09-22,Guadalupe Centers Charter,0,Central (Kansas City),2
2018-09-22,Ruskin,0,Central (Kansas City),2
2018-09-22,Lincoln College Prep,2,Central (Kansas City),0
2018-09-22,Clarkton,2,Central (New Madrid County),1
2018-09-22,North Callaway,0,Centralia,2
2018-09-22,Tipton,0,Centralia,2
2018-09-22,Hallsville,2,Centralia,0
2018-09-22,Skyline,0,Clever,2
2018-09-22,Winona,2,Clever,0
2018-09-22,El Dorado Springs,0,Clever,2
2018-09-22,Osceola,0,Clever,2
2018-09-22,Mt. Vernon,0,Clever,2
2018-09-22,Knob Noster,0,Clinton,2
2018-09-22,Smithton,0,Clinton,2
2018-09-22,Northwest (Hughesville),0,Clinton,2
2018-09-22,Crest Ridge,2,Clinton,0
2018-09-22,Marshall,1,Cole Camp,1
2018-09-22,Santa Fe,0,Cole Camp,2
2018-09-22,Versailles,0,Cole Camp,2
2018-09-22,Oak Grove,1,Crest Ridge,1
2018-09-22,Knob Noster,0,Crest Ridge,2
2018-09-22,La Monte,0,Crest Ridge,2
2018-09-22,Northwest (Hughesville),0,Crest Ridge,2
2018-09-22,Lutheran South,2,Duchesne,0
2018-09-22,Springfield Catholic,2,East Newton,0
2018-09-22,El Dorado Springs,2,East Newton,0
2018-09-22,Skyline,1,East Newton,2
2018-09-22,Osceola,0,East Newton,2
2018-09-22,Springfield Catholic,0,El Dorado Springs,2
2018-09-22,Mt. Vernon,2,El Dorado Springs,0
2018-09-22,Webster Groves,0,Eureka,2
2018-09-22,Lindbergh,0,Eureka,2
2018-09-22,St. Dominic,0,Eureka,2
2018-09-22,Helias Catholic,2,Eureka,1
2018-09-22,Pattonville,0,Festus,2
2018-09-22,Liberty (Wentzville),0,Festus,2
2018-09-22,St. Clair,0,Festus,2
2018-09-22,Hillsboro,0,Festus,2
2018-09-22,Warrenton,1,Fox,2
2018-09-22,St. Clair,2,Fox,0
2018-09-22,Parkway North,1,Fox,1
2018-09-22,Gateway Science Charter,0,Fox,2
2018-09-22,Jackson,0,Francis Howell,2
2018-09-22,Webster Groves,2,Francis Howell,0
2018-09-22,Lindbergh,0,Francis Howell,2
2018-09-22,Ursuline Academy,0,Francis Howell,2
2018-09-22,Notre Dame (St. Louis),1,Francis Howell Central,2
2018-09-22,Francis Howell North,1,Francis Howell Central,2
2018-09-22,Valle Catholic,1,Francis Howell Central,2
2018-09-22,St. Charles West,0,Francis Howell Central,2
2018-09-22,St. Charles,0,Francis Howell North,2
2018-09-22,Hazelwood West,0,Francis Howell North,2
2018-09-22,St. Charles,0,Ft. Zumwalt South,2
2018-09-22,Francis Howell North,1,Ft. Zumwalt South,2
2018-09-22,Valle Catholic,2,Ft. Zumwalt South,1
2018-09-22,Hazelwood West,0,Ft. Zumwalt South,2
2018-09-22,Pattonville,2,Ft. Zumwalt West,0
2018-09-22,Warrenton,0,Ft. Zumwalt West,2
2018-09-22,Hillsboro,1,Ft. Zumwalt West,1
2018-09-22,Seckman,0,Ft. Zumwalt West,2
2018-09-22,McAuley Catholic,2,Galena,0
2018-09-22,Spokane,2,Galena,1
2018-09-22,New Covenant Academy,2,Galena,0
2018-09-22,Pattonville,2,Grandview (Hillsboro),0
2018-09-22,Fox,0,Grandview (Hillsboro),2
2018-09-22,Gateway Science Charter,0,Grandview (Hillsboro),2
2018-09-22,Parkway North,2,Grandview (Hillsboro),0
2018-09-22,Southeast,2,Guadalupe Centers Charter,0
2018-09-22,Tipton,1,Hallsville,1
2018-09-22,Father Tolton,1,Hallsville,2
2018-09-22,St. Charles,2,Hazelwood West,0
2018-09-22,Springfield Catholic,1,Helias Catholic,2
2018-09-22,Winona,2,Hickman,0
2018-09-22,Staley,2,Hickman,0
2018-09-22,Marshfield,1,Hickman,1
2018-09-22,Branson,0,Hickman,2
2018-09-22,Warrenton,1,Hillsboro,1
2018-09-22,Seckman,0,Hillsboro,2
2018-09-22,Parkway North,0,Hillsboro,2
2018-09-22,University Academy Charter,2,Hogan Prep Academy Charter,0
2018-09-22,Southeast,0,Hogan Prep Academy Charter,2
2018-09-22,Ruskin,0,Hogan Prep Academy Charter,2
2018-09-22,Springfield Catholic,2,Jackson,0
2018-09-22,Kirkwood,0,Jackson,2
2018-09-22,Washington,1,Jackson,2
2018-09-22,Pleasant Hill,1,Jefferson City,2
2018-09-22,Lee's Summit North,2,Jefferson City,1
2018-09-22,Notre Dame de Sion,0,Jefferson City,2
2018-09-22,St. Charles,2,Jefferson City,1
2018-09-22,Lee's Summit,2,Jefferson City,0
2018-09-22,MICDS,2,John Burroughs,3
2018-09-22,Rock Bridge,0,Kearney,2
2018-09-22,Battle,0,Kearney,2
2018-09-22,Warsaw,1,Kirksville,1
2018-09-22,Savannah,1,Kirksville,1
2018-09-22,Versailles,2,Kirksville,0
2018-09-22,Santa Fe,0,Kirksville,2
2018-09-22,Lafayette County,0,Kirksville,2
2018-09-22,Nerinx Hall,1,Kirkwood,2
2018-09-22,St. Dominic,2,Kirkwood,0
2018-09-22,Smithton,2,Knob Noster,0
2018-09-22,Northwest (Hughesville),2,Knob Noster,0
2018-09-22,Oak Grove,2,Knob Noster,0
2018-09-22,La Monte,1,Knob Noster,1
2018-09-22,Cole Camp,2,Lafayette County,0
2018-09-22,Marshall,2,Lafayette County,0
2018-09-22,Santa Fe,2,Lafayette County,0
2018-09-22,Lutheran (Kansas City),2,Lakeland,0
2018-09-22,Midway,2,Lakeland,0
2018-09-22,Pleasant Hill,0,Lee's Summit,2
2018-09-22,Lee's Summit North,1,Lee's Summit,2
2018-09-22,Notre Dame de Sion,0,Lee's Summit,2
2018-09-22,St. Charles,0,Lee's Summit,2
2018-09-22,Liberty,2,Lee's Summit,0
2018-09-22,St. Charles,0,Lee's Summit North,2
2018-09-22,Liberty,2,Lee's Summit North,0
2018-09-22,Ozark,2,Lee's Summit North,0
2018-09-22,St. Charles,0,Liberty,2
2018-09-22,Ozark,2,Liberty,0
2018-09-22,Pleasant Hill,0,Liberty,2
2018-09-22,Northland Christian,0,Liberty North,2
2018-09-22,Cristo Rey,0,Lincoln College Prep,2
2018-09-22,East (Kansas City),0,Lincoln College Prep,2
2018-09-22,Duchesne,0,Lindbergh,2
2018-09-22,Parkway West,0,Lindbergh,2
2018-09-22,Monett,2,Lockwood,0
2018-09-22,Seneca,2,Lockwood,0
2018-09-22,Winona,2,Lockwood,0
2018-09-22,Osceola,2,Lockwood,1
2018-09-22,Pembroke Hill,2,Lutheran (Kansas City),0
2018-09-22,Ursuline Academy,2,Lutheran South,1
2018-09-22,Lutheran South,0,Marquette,2
2018-09-22,Helias Catholic,2,Marquette,1
2018-09-22,Parkway West,0,Marquette,2
2018-09-22,Springfield Catholic,0,Marquette,2
2018-09-22,Visitation Academy,0,Marquette,2
2018-09-22,Santa Fe,1,Marshall,1
2018-09-22,Winona,0,Marshfield,2
2018-09-22,Rock Bridge,0,Marshfield,2
2018-09-22,Staley,2,Marshfield,0
2018-09-22,Northwest (Cedar Hill),2,Marshfield,1
2018-09-22,Miller Career Academy,0,McCluer South-Berkeley,2
2018-09-22,Lift for Life Academy Charter,0,McCluer South-Berkeley,2
2018-09-22,West Platte,0,Midway,2
2018-09-22,Pembroke Hill,2,Midway,0
2018-09-22,Lutheran (Kansas City),2,Midway,0
2018-09-22,Lift for Life Academy Charter,1,Miller Career Academy,2
2018-09-22,Winona,2,Monett,0
2018-09-22,Seneca,2,Monett,0
2018-09-22,Skyline,1,Mt. Vernon,1
2018-09-22,Winona,2,Mt. Vernon,0
2018-09-22,Osceola,0,Mt. Vernon,2
2018-09-22,Springfield Catholic,1,Nerinx Hall,2
2018-09-22,Villa Duchesne,2,Nerinx Hall,0
2018-09-22,McAuley Catholic,1,New Covenant Academy,1
2018-09-22,Father Tolton,2,North Callaway,0
2018-09-22,Brookfield,0,North Callaway,2
2018-09-22,Cristo Rey,1,Northeast (Kansas City),1
2018-09-22,Versailles,2,Northeast (Kansas City),0
2018-09-22,Sacred Heart,0,Northwest (Cedar Hill),2
2018-09-22,Rock Bridge,0,Northwest (Cedar Hill),2
2018-09-22,Branson,0,Northwest (Cedar Hill),2
2018-09-22,Kearney,2,Northwest (Cedar Hill),0
2018-09-22,Smithton,2,Northwest (Hughesville),0
2018-09-22,Valle Catholic,2,Notre Dame (St. Louis),0
2018-09-22,La Monte,0,Oak Grove,2
2018-09-22,Smithton,0,Oak Grove,2
2018-09-22,Washington,0,Oakville,2
2018-09-22,St. Dominic,2,Oakville,0
2018-09-22,Skyline,0,Osceola,2
2018-09-22,Notre Dame de Sion,0,Ozark,2
2018-09-22,St. Charles,0,Ozark,2
2018-09-22,Northland Christian,0,Park Hill,2
2018-09-22,Sparta,1,Park Hill,1
2018-09-22,Winnetonka,0,Park Hill,2
2018-09-22,Platte County,2,Park Hill,1
2018-09-22,William Chrisman,0,Park Hill,2
2018-09-22,Gateway Science Charter,0,Parkway North,2
2018-09-22,St. Clair,1,Pattonville,1
2018-09-22,Liberty (Wentzville),0,Pattonville,2
2018-09-22,Liberty North,1,Platte County,1
2018-09-22,Summit Christian Academy,0,Platte County,2
2018-09-22,William Chrisman,0,Platte County,2
2018-09-22,Winnetonka,0,Platte County,2
2018-09-22,Notre Dame de Sion,0,Pleasant Hill,2
2018-09-22,Summersville,0,Portageville,2
2018-09-22,Guadalupe Centers Charter,0,Ruskin,2
2018-09-22,Rock Bridge,2,Sacred Heart,0
2018-09-22,Battle,2,Sacred Heart,0
2018-09-22,Warsaw,0,Santa Fe,2
2018-09-22,Warrenton,0,Seckman,2
2018-09-22,Liberty (Wentzville),1,Seckman,2
2018-09-22,Winona,1,Seneca,1
2018-09-22,Mt. Vernon,2,Seneca,0
2018-09-22,Marshall,0,Savannah,2
2018-09-22,Versailles,0,Savannah,2
2018-09-22,Cole Camp,2,Savannah,1
2018-09-22,Warsaw,0,Savannah,2
2018-09-22,Northland Christian,0,Sparta,2
2018-09-22,Summit Christian Academy,1,Sparta,2
2018-09-22,Liberty North,2,Sparta,1
2018-09-22,Camdenton,2,Southern Boone,0
2018-09-22,Hickman,2,Southern Boone,1
2018-09-22,Battle,1,Southern Boone,1
2018-09-22,Kearney,2,Southern Boone,0
2018-09-22,Verona,2,Southwest (Washburn),0
2018-09-22,Spokane,1,Southwest (Washburn),1
2018-09-22,New Covenant Academy,2,Southwest (Washburn),0
2018-09-22,Verona,0,Spokane,2
2018-09-22,New Covenant Academy,1,Spokane,2
2018-09-22,Notre Dame (St. Louis),2,St. Charles West,0
2018-09-22,Valle Catholic,2,St. Charles West,0
2018-09-22,Liberty (Wentzville),1,St. Clair,1
2018-09-22,Seckman,2,St. Clair,0
2018-09-22,Liberty North,2,Summit Christian Academy,0
2018-09-22,Helias Catholic,2,Timberland,0
2018-09-22,Villa Duchesne,0,Timberland,2
2018-09-22,Pleasant Hill,0,St. Charles,2
2018-09-22,Southeast,0,University Academy Charter,2
2018-09-22,Villa Duchesne,1,Ursuline Academy,2
2018-09-22,Visitation Academy,2,Ursuline Academy,0
2018-09-22,Cristo Rey,0,Versailles,2
2018-09-22,University Academy Charter,0,Versailles,2
2018-09-22,McAuley Catholic,2,Verona,1
2018-09-22,Warsaw,0,Versailles,2
2018-09-22,Guadalupe Centers Charter,0,Washington,2
2018-09-22,East (Kansas City),0,West Platte,2
2018-09-22,Pembroke Hill,1,West Platte,1
2018-09-22,Liberty North,2,William Chrisman,0
2018-09-22,Summit Christian Academy,2,William Chrisman,0
2018-09-22,Northland Christian,0,Winnetonka,2
2018-09-22,Sparta,1,Winnetonka,1
2018-09-22,Staley,2,Winona,0
2018-09-22,Battle,1,Winona,2
2018-09-24,Dexter,0,Advance,2
2018-09-24,Hazelwood West,0,Affton,2
2018-09-24,Clever,2,Ash Grove,1
2018-09-24,Kingsville,2,Ballard,0
2018-09-24,St. Michael the Archangel,2,Barstow,0
2018-09-24,Fulton,0,Battle,2
2018-09-24,Veritas Christian Academy,2,Bishop DuBourg,0
2018-09-24,East Buchanan,0,Bishop LeBlond,2
2018-09-24,Southern Boone,0,Blair Oaks,2
2018-09-24,Puxico,0,Bloomfield,2
2018-09-24,Mexico,2,Boonville,1
2018-09-24,Trenton,2,Brookfield,0
2018-09-24,Warsaw,0,Butler,2
2018-09-24,Otterville,2,Calhoun,1
2018-09-24,Carrollton,0,Cameron,2
2018-09-24,Richland (Essex),0,Campbell,2
2018-09-24,Kickapoo,2,Carl Junction,0
2018-09-24,St. Clair,0,Caruthersville,2
2018-09-24,Bell City,0,Central (Cape Girardeau),2
2018-09-24,West County,0,Central (Park Hills),2
2018-09-24,Sikeston,2,Charleston,0
2018-09-24,Marshall,2,Chillicothe,1
2018-09-24,Delta (Deering),0,Clarkton,2
2018-09-24,Fox,1,Clayton,2
2018-09-24,West Plains,0,Collegiate School of Med-Bio Science,2
2018-09-24,Fair Grove,2,Conway,0
2018-09-24,Visitation Academy,2,Duchesne,0
2018-09-24,Houston,1,Eminence,1
2018-09-24,Tipton,0,Eugene,2
2018-09-24,Benton,0,Excelsior Springs,2
2018-09-24,Poplar Bluff,0,Farmington,2
2018-09-24,Fordland,1,Forsyth,2
2018-09-24,Francis Howell Central,0,Francis Howell,2
2018-09-24,Lift for Life Academy Charter,0,Hancock,2
2018-09-24,Riverview Gardens,1,Hazelwood East,2
2018-09-24,Eldon,0,Hickman,2
2018-09-24,Springfield Catholic,0,Incarnate Word Academy,2
2018-09-24,McCluer South-Berkeley,2,Jennings,1
2018-09-24,Lee's Summit West,2,Kearney,0
2018-09-24,Bernie,2,Kennett,1
2018-09-24,Crystal City,2,Kingston,1
2018-09-24,Maryville,2,Lafayette (St. Joseph),1
2018-09-24,Diamond,0,Lamar,2
2018-09-24,Greenfield,2,Liberal,1
2018-09-24,Ft. Zumwalt East,2,Liberty (Wentzville),1
2018-09-24,Rolla,2,Licking,0
2018-09-24,Chilhowee,0,Lincoln,2
2018-09-24,Nerinx Hall,1,Lindbergh,2
2018-09-24,Sarcoxie,0,Linn,2
2018-09-24,Senath-Hornersville,0,Malden,2
2018-09-24,Normandy Collaborative,0,McCluer,2
2018-09-24,Fredericktown,2,Meadow Heights,1
2018-09-24,Aurora,2,Monett,0
2018-09-24,St. Joseph's Academy,2,Montgomery County,0
2018-09-24,Pacific,2,New Haven,0
2018-09-24,Golden City,0,New Heights Christian,2
2018-09-24,Plattsburg,2,Nodaway-Holt,0
2018-09-24,Hillsboro,2,North County,0
2018-09-24,Ewing Marion Kauffman,0,Northeast (Kansas City),2
2018-09-24,Concordia,2,Northwest (Hughesville),0
2018-09-24,Cardinal Ritter,0,Notre Dame (St. Louis),2
2018-09-24,Woodland,0,Oak Ridge,2
2018-09-24,Mid-Buchanan,2,Orrick,0
2018-09-24,Montgomery County,2,Owensville,0
2018-09-24,Union,0,Owensville,2
2018-09-24,St. Joseph's Academy,2,Owensville,0
2018-09-24,McCluer North,0,Pattonville,2
2018-09-24,McAuley Catholic,2,Pierce City,0
2018-09-24,Grain Valley,0,Pleasant Hill,2
2018-09-24,Skyline,2,Pleasant Hope,0
2018-09-24,Cooter,0,Portageville,2
2018-09-24,Valley Park,1,Principia,2
2018-09-24,Central (Springfield),0,Reeds Spring,2
2018-09-24,Knob Noster,2,Richmond,1
2018-09-24,Hazelwood Central,0,Ritenour,2
2018-09-24,Kirksville,1,Rock Bridge,2
2018-09-24,Santa Fe,2,Sacred Heart,0
2018-09-24,St. Clair,2,Salem,1
2018-09-24,Jackson,2,Saxony Lutheran,1
2018-09-24,Leopold,1,Seneca,2
2018-09-24,Mehlville,2,Seckman,0
2018-09-24,Hayti,0,Summersville,2
2018-09-24,Lincoln College Prep,2,Southeast,0
2018-09-24,Billings,2,Southwest (Washburn),0
2018-09-24,Dixon,0,St. James,2
2018-09-24,Lathrop,0,St. Joseph Christian,2
2018-09-24,Park Hill South,0,St. Teresa's Academy,2
2018-09-24,St. Vincent,0,Ste. Genevieve,2
2018-09-24,Potosi,2,Warsaw,0
2018-09-24,Ellington,1,Wright City,2
2018-09-24,Lutheran North,1,Trinity Catholic,2
2018-09-24,St. Joseph's Academy,2,Union,0
2018-09-24,Montgomery County,1,Union,1
2018-09-24,Odessa,2,Versailles,0
2018-09-24,Savannah,2,Versailles,0
2018-09-24,Bourbon,0,Viburnum,2
2018-09-24,Mountain Grove,2,West Plains,0
2018-09-24,Crossroads College Preparatory,0,Whitfield,2
2018-09-24,Liberty (Mountain View),2,Winona,1
2018-09-24,Oran,2,Zalma,0
2018-09-25,Osceola,0,Adrian,2
2018-09-25,West County,0,Arcadia Valley,2
2018-09-25,Jasper,0,Archie,2
2018-09-25,Crossroads College Preparatory,2,Bayless,0
2018-09-25,Woodland,2,Bell City,0
2018-09-25,Verona,0,Billings,2
2018-09-25,Valle Catholic,2,Bismarck,0
2018-09-25,Union,0,Blue Eye,2
2018-09-25,Blue Springs South,2,Blue Springs,0
2018-09-25,Maplewood-Richmond Hts.,2,Brentwood,1
2018-09-25,Ballard,2,Bronaugh,1
2018-09-25,Missouri School for the Deaf,0,Bunceton,2
2018-09-25,Miami (Amoret),1,Calhoun,2
2018-09-25,Southern Boone,0,California,2
2018-09-25,Jefferson City,2,Camdenton,1
2018-09-25,Northland Christian,0,Cameron,2
2018-09-25,Neosho,0,Carl Junction,2
2018-09-25,McKinley Classical Leadership,0,Carnahan,2
2018-09-25,Joplin,0,Carthage,2
2018-09-25,Clinton,2,Center,0
2018-09-25,Saxony Lutheran,0,Central (Cape Girardeau),2
2018-09-25,Portageville,2,Central (New Madrid County),0
2018-09-25,Hillcrest,1,Central (Springfield),2
2018-09-25,Park Hill South,2,Central (St. Joseph),0
2018-09-25,Bowling Green,0,Centralia,2
2018-09-25,Bishop DuBourg,0,Clayton,2
2018-09-25,Bunker,0,Clearwater,2
2018-09-25,Summersville,0,Cooter,2
2018-09-25,Northeast (Kansas City),1,Cristo Rey,2
2018-09-25,Leopold,0,Dexter,2
2018-09-25,Ash Grove,2,Diamond,0
2018-09-25,Eugene,2,Dixon,0
2018-09-25,Lincoln College Prep,2,East (Kansas City),0
2018-09-25,Bolivar,0,El Dorado Springs,2
2018-09-25,Chadwick,2,Exeter,1
2018-09-25,Skyline,0,Fair Grove,2
2018-09-25,Hallsville,1,Father Tolton,2
2018-09-25,Hillsboro,1,Festus,2
2018-09-25,Stockton,1,Forsyth,2
2018-09-25,Sparta,2,Fort Osage,1
2018-09-25,Francis Howell North,2,Francis Howell Central,1
2018-09-25,Potosi,2,Fredericktown,0
2018-09-25,Ft. Zumwalt North,2,Ft. Zumwalt East,1
2018-09-25,Holt,0,Ft. Zumwalt West,2
2018-09-25,Hannibal,2,Fulton,0
2018-09-25,Kearney,2,Grandview,0
2018-09-25,St. Pius X (Festus),2,Grandview (Hillsboro),0
2018-09-25,Cole Camp,2,Green Ridge,0
2018-09-25,Valley Park,1,Hancock,2
2018-09-25,Excelsior Springs,2,Harrisonville,0
2018-09-25,Washington,1,Hermann,1
2018-09-25,New Haven,0,Hermann,2
2018-09-25,Pacific,0,Hermann,2
2018-09-25,Savannah,0,Hickman,2
2018-09-25,Lafayette County,2,Holden,1
2018-09-25,Cabool,2,Houston,1
2018-09-25,Sheldon,0,Hume,2
2018-09-25,Crystal City,0,Jefferson (Festus),2
2018-09-25,Lutheran North,0,John Burroughs,2
2018-09-25,Valley,1,Kingston,2
2018-09-25,Chillicothe,1,Kirksville,2
2018-09-25,Windsor,2,La Monte,0
2018-09-25,Parkway North,0,Ladue Horton Watkins,2
2018-09-25,Marquette,0,Lafayette (Wildwood),2
2018-09-25,Liberal,2,Lakeland,0
2018-09-25,East Newton,0,Lamar,2
2018-09-25,Benton,2,Lathrop,0
2018-09-25,Liberty North,0,Lee's Summit,2
2018-09-25,Poplar Bluff,2,Lesterville,1
2018-09-25,Knob Noster,0,Lexington,2
2018-09-25,Warsaw,0,Licking,2
2018-09-25,Tipton,2,Lincoln,0
2018-09-25,Kirkwood,0,Lindbergh,2
2018-09-25,Marionville,1,Lockwood,2
2018-09-25,Hollister,0,Logan-Rogersville,2
2018-09-25,West Platte,2,Lone Jack,1
2018-09-25,Concordia,0,Lutheran (Kansas City),2
2018-09-25,MICDS,0,Lutheran South,2
2018-09-25,Trinity Catholic,0,Lutheran St. Charles,2
2018-09-25,South Iron,2,Marquand-Zion,0
2018-09-25,Hazelwood East,0,McCluer South-Berkeley,2
2018-09-25,Gateway,0,Metro,2
2018-09-25,Hogan Prep Academy Charter,0,Mid-Buchanan,2
2018-09-25,Soldan International Studies,0,Miller Career Academy,2
2018-09-25,McDonald County,1,Monett,2
2018-09-25,Willow Springs,0,Mountain Grove,2
2018-09-25,Marshfield,2,Mt. Vernon,0
2018-09-25,Fordland,0,New Covenant Academy,2
2018-09-25,Washington,2,New Haven,0
2018-09-25,Pacific,2,New Haven,0
2018-09-25,Wright City,2,North Callaway,0
2018-09-25,Central (Park Hills),2,North County,1
2018-09-25,Oak Park,2,North Kansas City,0
2018-09-25,South Harrison,2,North Nodaway,0
2018-09-25,Gateway Science Charter,1,North Technical,2
2018-09-25,Golden City,2,Northeast Vernon County,0
2018-09-25,Willard,1,Northwest (Hughesville),2
2018-09-25,Oak Grove,2,Odessa,0
2018-09-25,Winfield,1,Orchard Farm,2
2018-09-25,Nixa,1,Ozark,2
2018-09-25,Washington,2,Pacific,0
2018-09-25,Staley,0,Park Hill,2
2018-09-25,Buffalo,0,Parkview,2
2018-09-25,Rockwood Summit,2,Parkway South,0
2018-09-25,Brookfield,0,Penney,2
2018-09-25,Notre Dame (Cape Girardeau),1,Perryville,2
2018-09-25,Pleasant Hope,2,Pierce City,0
2018-09-25,Westminster Christian Academy,2,Principia,0
2018-09-25,Crane,2,Purdy,0
2018-09-25,Lee's Summit North,0,Raymore-Peculiar,2
2018-09-25,Belton,2,Raytown,0
2018-09-25,Grain Valley,2,Raytown South,0
2018-09-25,Branson,2,Republic,0
2018-09-25,Midway,2,Rich Hill,0
2018-09-25,Carrollton,2,Richmond,1
2018-09-25,Osage,2,Sarcoxie,0
2018-09-25,Liberty (Mountain View),2,Salem,0
2018-09-25,Wellington-Napoleon,0,Santa Fe,2
2018-09-25,Miller,2,Sarcoxie,1
2018-09-25,Charleston,0,Seneca,2
2018-09-25,Nevada,2,Seneca,1
2018-09-25,Butler,2,Sherwood,0
2018-09-25,Oran,1,Sikeston,2
2018-09-25,Otterville,0,Smithton,2
2018-09-25,Guadalupe Centers Charter,0,Southeast,2
2018-09-25,Reeds Spring,2,Springfield Catholic,0
2018-09-25,Warrenton,2,St. Charles West,0
2018-09-25,Cuba,2,St. James,0
2018-09-25,St. Pius X (Kansas City),1,St. Michael the Archangel,2
2018-09-25,Herculaneum,1,St. Vincent,2
2018-09-25,Farmington,2,Ste. Genevieve,0
2018-09-25,Ava,2,Thayer,1
2018-09-25,Everton,0,Thomas Jefferson Independent Day,2
2018-09-25,Liberty (Wentzville),0,Timberland,2
2018-09-25,Collegiate School of Med-Bio Science,2,Transportation and Law,0
2018-09-25,East Buchanan,2,Trenton,1
2018-09-25,Francis Howell,2,Troy Buchanan,0
2018-09-25,Liberty,2,St. Charles,0
2018-09-25,Richland (Essex),1,St. Clair,2
2018-09-25,Central (Kansas City),0,University Academy Charter,2
2018-09-25,Cor Jesu Academy,2,Ursuline Academy,0
2018-09-25,West Plains,2,Waynesville,0
2018-09-25,Belle,0,Viburnum,2
2018-09-25,Oakville,2,Villa Duchesne,0
2018-09-25,Pleasant Hill,2,Warrensburg,0
2018-09-25,Eureka,2,Webster Groves,0
2018-09-25,Webb City,0,Willard,2
2018-09-25,Ruskin,0,William Chrisman,2
2018-09-25,DeSoto,2,Windsor (Imperial),1
2018-09-25,Platte County,2,Winnetonka,0
2018-09-25,Meadow Heights,1,Zalma,2
2018-09-26,St. Teresa's Academy,2,Blue Springs South,1
2018-09-26,Collegiate School of Med-Bio Science,0,Cardinal Ritter,2
2018-09-26,Seckman,2,Clayton,0
2018-09-26,University Academy Charter,1,Cristo Rey,2
2018-09-26,Battle,1,Eldon,2
2018-09-26,Ritenour,0,Fox,2
2018-09-26,Affton,2,Hazelwood Central,0
2018-09-26,DeSoto,1,Herculaneum,2
2018-09-26,Veritas Christian Academy,1,Incarnate Word Academy,2
2018-09-26,Lebanon,0,Jefferson City,2
2018-09-26,McCluer,0,Jennings,2
2018-09-26,St. Charles,1,John Burroughs,2
2018-09-26,Miller Career Academy,2,Lift for Life Academy Charter,1
2018-09-26,Northwest (Cedar Hill),2,Lindbergh,0
2018-09-26,Bayless,0,Maplewood-Richmond Hts.,2
2018-09-26,Hazelwood West,2,McCluer North,0
2018-09-26,Hazelwood East,0,McCluer South-Berkeley,2
2018-09-26,Hancock,0,Metro,2
2018-09-26,Ladue Horton Watkins,2,Parkway Central,0
2018-09-26,Webster Groves,1,Parkway West,2
2018-09-26,Whitfield,0,Pattonville,2
2018-09-26,University City,2,Riverview Gardens,0
2018-09-26,St. Vincent,1,St. Pius X (Festus),2
2018-09-26,St. Dominic,1,Timberland,2
2018-09-27,Adrian,2,Archie,0
2018-09-27,Houston,1,Ava,2
2018-09-27,Affton,2,Bayless,0
2018-09-27,Seneca,2,Bell City,0
2018-09-27,Portageville,0,Bernie,2
2018-09-27,Benton,1,Bishop LeBlond,2
2018-09-27,Kingston,1,Bismarck,2
2018-09-27,Fatima,0,Blair Oaks,2
2018-09-27,Woodland,0,Bloomfield,2
2018-09-27,North Callaway,0,Bowling Green,2
2018-09-27,Webb City,0,Branson,2
2018-09-27,Father Tolton,2,Brookfield,0
2018-09-27,Clinton,0,Buffalo,2
2018-09-27,Willow Springs,1,Cabool,2
2018-09-27,Hickman,2,California,1
2018-09-27,Transportation and Law,0,Carnahan,2
2018-09-27,Lexington,2,Carrollton,0
2018-09-27,Central (Cape Girardeau),2,Central (New Madrid County),0
2018-09-27,Liberty North,1,Central (St. Joseph),2
2018-09-27,Union,2,Chadwick,0
2018-09-27,Meadow Heights,2,Charleston,0
2018-09-27,MICDS,2,Clayton,1
2018-09-27,Windsor,0,Cole Camp,2
2018-09-27,North Technical,2,Confluence Prep Academy Charter,0
2018-09-27,Licking,2,Conway,0
2018-09-27,Spokane,0,Crane,2
2018-09-27,Lutheran (Kansas City),2,Crest Ridge,0
2018-09-27,University Academy Charter,1,Cristo Rey,2
2018-09-27,Bourbon,2,Dixon,0
2018-09-27,Kennett,2,Doniphan,0
2018-09-27,Lutheran St. Charles,2,Duchesne,0
2018-09-27,Cassville,2,East Newton,1
2018-09-27,Sherwood,0,El Dorado Springs,2
2018-09-27,Greenville,0,Ellington,2
2018-09-27,Sarcoxie,0,Eugene,2
2018-09-27,Mehlville,0,Eureka,2
2018-09-27,Hurley,2,Everton,0
2018-09-27,Pleasant Hill,1,Excelsior Springs,2
2018-09-27,New Covenant Academy,2,Exeter,0
2018-09-27,Potosi,0,Farmington,2
2018-09-27,Blue Eye,2,Fordland,0
2018-09-27,Oak Park,2,Fort Osage,0
2018-09-27,Ft. Zumwalt West,2,Francis Howell North,0
2018-09-27,Central (Park Hills),2,Fredericktown,0
2018-09-27,Ft. Zumwalt South,0,Ft. Zumwalt North,2
2018-09-27,Boonville,2,Fulton,0
2018-09-27,West Plains,0,Gateway,2
2018-09-27,Greenfield,2,Golden City,0
2018-09-27,Blue Springs,2,Grain Valley,0
2018-09-27,Sparta,2,Grandview,0
2018-09-27,Centralia,0,Hallsville,2
2018-09-27,Cooter,2,Hayti,0
2018-09-27,McCluer,2,Hazelwood East,1
2018-09-27,St. Joseph's Academy,2,Hermann,0
2018-09-27,Montgomery County,0,Hermann,2
2018-09-27,Camdenton,2,Hillcrest,0
2018-09-27,Central (Kansas City),2,Hogan Prep Academy Charter,0
2018-09-27,Aurora,2,Hollister,0
2018-09-27,Festus,2,Jefferson (Festus),1
2018-09-27,Normandy Collaborative,0,Jennings,2
2018-09-27,Platte County,0,Kearney,2
2018-09-27,Marquette,2,Kirkwood,0
2018-09-27,Lafayette County,2,Knob Noster,0
2018-09-27,Willard,2,La Monte,0
2018-09-27,St. Pius X (Kansas City),2,Lafayette (St. Joseph),0
2018-09-27,McDonald County,0,Lamar,2
2018-09-27,Waynesville,0,Lebanon,2
2018-09-27,St. Charles,1,Lee's Summit,2
2018-09-27,Park Hill,1,Lee's Summit North,2
2018-09-27,Raymore-Peculiar,0,Lee's Summit West,2
2018-09-27,South Iron,0,Lesterville,2
2018-09-27,Drexel,0,Liberal,2
2018-09-27,Thayer,0,Liberty (Mountain View),2
2018-09-27,Ft. Zumwalt East,1,Liberty (Wentzville),2
2018-09-27,Cristo Rey,0,Lincoln College Prep,2
2018-09-27,Diamond,0,Lockwood,2
2018-09-27,Marshfield,0,Logan-Rogersville,2
2018-09-27,Nerinx Hall,0,Lutheran South,2
2018-09-27,St. Paul Lutheran (Farmington),2,Marquand-Zion,0
2018-09-27,Kirksville,2,Marshall,1
2018-09-27,Savannah,0,Maryville,2
2018-09-27,Lakeland,0,Midway,2
2018-09-27,Marionville,0,Miller,2
2018-09-27,Washington,2,Montgomery County,0
2018-09-27,Monett,0,Nevada,2
2018-09-27,Bradleyville,2,Niangua,1
2018-09-27,Joplin,0,Nixa,2
2018-09-27,Raytown,0,North Kansas City,2
2018-09-27,Lawson,1,North Platte,2
2018-09-27,Miami (Amoret),0,Northeast Vernon County,2
2018-09-27,Sacred Heart,2,Northwest (Hughesville),0
2018-09-27,Warrensburg,2,Oak Grove,1
2018-09-27,Parkway Central,0,Oakville,2
2018-09-27,Harrisonville,0,Odessa,2
2018-09-27,Warrenton,1,Orchard Farm,2
2018-09-27,Eldon,1,Osage,2
2018-09-27,Jasper,0,Osceola,2
2018-09-27,Pacific,2,Owensville,0
2018-09-27,Neosho,0,Ozark,2
2018-09-27,Kickapoo,2,Parkview,1
2018-09-27,Parkway South,2,Parkway North,0
2018-09-27,Center,0,Pembroke Hill,2
2018-09-27,East Buchanan,2,Penney,0
2018-09-27,Saxony Lutheran,0,Perryville,2
2018-09-27,Ash Grove,2,Pierce City,0
2018-09-27,Lathrop,0,Plattsburg,2
2018-09-27,Sarcoxie,2,Pleasant Hope,0
2018-09-27,Clearwater,0,Poplar Bluff,2
2018-09-27,Brentwood,0,Principia,2
2018-09-27,Advance,2,Puxico,0
2018-09-27,Winnetonka,2,Raytown South,0
2018-09-27,Mt. Vernon,2,Reeds Spring,0
2018-09-27,Carthage,2,Republic,0
2018-09-27,Holden,1,Richmond,2
2018-09-27,McCluer South-Berkeley,1,Riverview Gardens,2
2018-09-27,Helias Catholic,2,Rock Bridge,0
2018-09-27,Metro,2,Roosevelt,1
2018-09-27,Trinity Catholic,1,Springfield Catholic,2
2018-09-27,Belton,2,Ruskin,0
2018-09-27,Mountain Grove,2,Salem,0
2018-09-27,Northwest (Cedar Hill),2,Seckman,0
2018-09-27,Campbell,2,Senath-Hornersville,0
2018-09-27,Bolivar,1,Savannah,2
2018-09-27,Lincoln,1,Smithton,2
2018-09-27,McKinley Classical Leadership,0,Soldan International Studies,2
2018-09-27,Delta (Deering),0,Summersville,2
2018-09-27,East (Kansas City),2,Southeast,0
2018-09-27,Linn,0,Southern Boone,2
2018-09-27,Clarkton,2,Southland,0
2018-09-27,Seneca,2,Springfield Catholic,0
2018-09-27,Crystal City,0,St. Clair,2
2018-09-27,Notre Dame (St. Louis),0,St. Dominic,2
2018-09-27,Lone Jack,1,St. Paul Lutheran (Concordia),2
2018-09-27,Park Hill South,2,Staley,0
2018-09-27,North County,1,Ste. Genevieve,2
2018-09-27,Cuba,2,Warsaw,1
2018-09-27,Winona,2,Stockton,0
2018-09-27,Hillsboro,2,Webb City,0
2018-09-27,New Heights Christian,2,Thomas Jefferson Independent Day,0
2018-09-27,Green Ridge,2,Tipton,0
2018-09-27,South Harrison,0,Trenton,2
2018-09-27,Holt,2,Troy Buchanan,1
2018-09-27,Normandy Collaborative,0,University City,2
2018-09-27,St. Joseph's Academy,2,Ursuline Academy,0
2018-09-27,Arcadia Valley,2,Valley,0
2018-09-27,Barstow,3,Versailles,0
2018-09-27,Collegiate School of Med-Bio Science,2,Waynesville,0
2018-09-27,McAuley Catholic,2,Verona,1
2018-09-27,Villa Duchesne,0,Visitation Academy,2
2018-09-27,St. Joseph's Academy,1,Washington,2
2018-09-27,Orrick,0,Wellington-Napoleon,2
2018-09-27,Valle Catholic,2,West County,0
2018-09-27,Rolla,2,West Plains,0
2018-09-27,Mid-Buchanan,0,West Platte,2
2018-09-27,Southwest (Washburn),0,Wheaton,2
2018-09-27,Carl Junction,0,Willard,2
2018-09-27,Grandview (Hillsboro),0,Windsor (Imperial),2
2018-09-27,St. Charles,0,Winfield,2
2018-09-27,Dexter,2,Winona,1
2018-09-27,St. Charles West,2,Wright City,0
2018-09-28,Warsaw,2,Belle,0
2018-09-28,Holcomb,2,Clarkton,0
2018-09-28,Winona,2,Ellington,0
2018-09-28,Trinity Catholic,0,Francis Howell North,2
2018-09-28,Villa Duchesne,1,Francis Howell North,1
2018-09-28,Ft. Zumwalt East,0,Francis Howell North,2
2018-09-28,Lutheran St. Charles,1,Ft. Zumwalt North,1
2018-09-28,Parkway South,0,Ft. Zumwalt North,2
2018-09-28,Westminster Christian Academy,1,Ft. Zumwalt North,1
2018-09-28,Calvary Lutheran,1,Ft. Zumwalt North,1
2018-09-28,Meadow Heights,2,Greenville,0
2018-09-28,Holt,2,Hazelwood Central,0
2018-09-28,Parkway North,2,Hazelwood Central,0
2018-09-28,Hazelwood West,2,Hazelwood East,0
2018-09-28,Ladue Horton Watkins,2,Hazelwood East,0
2018-09-28,Ritenour,0,Hazelwood West,2
2018-09-28,Ritenour,0,Ladue Horton Watkins,2
2018-09-28,Notre Dame (Cape Girardeau),0,Leopold,2
2018-09-28,Westminster Christian Academy,1,Lutheran St. Charles,1
2018-09-28,Bayless,2,North Technical,0
2018-09-28,Bell City,0,Oak Ridge,2
2018-09-28,Holt,2,Parkway North,0
2018-09-28,Lutheran St. Charles,2,Parkway South,0
2018-09-28,Westminster Christian Academy,1,Parkway South,1
2018-09-28,Seckman,2,Pattonville,0
2018-09-28,Bunker,0,Plato,2
2018-09-28,Woodland,2,Richland (Essex),0
2018-09-28,Northeast Vernon County,1,Sheldon,2
2018-09-28,Ft. Zumwalt East,2,Trinity Catholic,0
2018-09-28,Villa Duchesne,2,Trinity Catholic,0
2018-09-28,Bloomfield,2,St. Clair,0
2018-09-28,Holt,2,University City,0
2018-09-28,Marquand-Zion,0,Valley,2
2018-09-28,Ft. Zumwalt East,0,Villa Duchesne,2
2018-09-29,Pleasant Hill,2,Adrian,0
2018-09-29,California,1,Adrian,1
2018-09-29,Windsor,0,Adrian,2
2018-09-29,Lexington,0,Adrian,2
2018-09-29,Battle,1,Adrian,1
2018-09-29,St. Vincent,0,Advance,2
2018-09-29,DeSoto,0,Advance,2
2018-09-29,Bismarck,0,Advance,2
2018-09-29,Lesterville,1,Advance,2
2018-09-29,Valle Catholic,0,Advance,2
2018-09-29,Perryville,0,Advance,2
2018-09-29,Holden,1,Archie,1
2018-09-29,Rich Hill,0,Archie,2
2018-09-29,Miami (Amoret),0,Archie,2
2018-09-29,Butler,2,Archie,0
2018-09-29,Diamond,0,Ash Grove,2
2018-09-29,Cassville,0,Ash Grove,2
2018-09-29,Exeter,0,Ash Grove,2
2018-09-29,Wheaton,0,Ash Grove,2
2018-09-29,Central (Springfield),0,Aurora,3
2018-09-29,Carl Junction,3,Aurora,0
2018-09-29,Joplin,2,Aurora,0
2018-09-29,Excelsior Springs,1,Belton,1
2018-09-29,Raymore-Peculiar,2,Belton,0
2018-09-29,Central (St. Joseph),2,Belton,0
2018-09-29,North Kansas City,0,Belton,2
2018-09-29,St. Pius X (Kansas City),2,Belton,0
2018-09-29,Clearwater,0,Bernie,2
2018-09-29,Central (Cape Girardeau),1,Bernie,1
2018-09-29,Central (Park Hills),1,Bernie,1
2018-09-29,Perryville,2,Bernie,0
2018-09-29,Lutheran (Kansas City),1,Bishop LeBlond,1
2018-09-29,St. Joseph Christian,0,Bishop LeBlond,2
2018-09-29,St. Vincent,2,Bismarck,0
2018-09-29,Lee's Summit West,2,Blue Springs,0
2018-09-29,St. Teresa's Academy,2,Blue Springs,1
2018-09-29,Francis Howell,2,Blue Springs,0
2018-09-29,Lee's Summit North,0,Blue Springs South,2
2018-09-29,Nixa,1,Blue Springs South,2
2018-09-29,Francis Howell,0,Blue Springs South,2
2018-09-29,St. Teresa's Academy,2,Blue Springs South,0
2018-09-29,Stockton,2,Bolivar,0
2018-09-29,Sarcoxie,2,Bolivar,0
2018-09-29,Chadwick,2,Bradleyville,0
2018-09-29,Richmond,2,Brookfield,0
2018-09-29,El Dorado Springs,1,Buffalo,1
2018-09-29,Parkview,2,Buffalo,0
2018-09-29,Marshfield,2,Buffalo,0
2018-09-29,Cabool,2,Buffalo,1
2018-09-29,Hume,0,Butler,2
2018-09-29,Drexel,0,Butler,2
2018-09-29,Diamond,0,Butler,2
2018-09-29,Jasper,1,Butler,1
2018-09-29,New Heights Christian,2,Butler,0
2018-09-29,Bolivar,0,Cabool,2
2018-09-29,Stockton,1,Cabool,1
2018-09-29,Sarcoxie,0,Cabool,2
2018-09-29,El Dorado Springs,2,Cabool,0
2018-09-29,Parkview,2,Cabool,1
2018-09-29,Battle,0,California,2
2018-09-29,Central (Springfield),0,Carl Junction,3
2018-09-29,Liberty (Mountain View),2,Carl Junction,0
2018-09-29,Trenton,1,Carrollton,1
2018-09-29,Richmond,1,Carrollton,1
2018-09-29,Brookfield,1,Carrollton,1
2018-09-29,Charleston,0,Caruthersville,2
2018-09-29,Hayti,0,Caruthersville,2
2018-09-29,Diamond,1,Cassville,1
2018-09-29,Exeter,0,Cassville,2
2018-09-29,Clearwater,0,Central (Cape Girardeau),2
2018-09-29,Saxony Lutheran,2,Central (Cape Girardeau),1
2018-09-29,Central (Park Hills),2,Central (Cape Girardeau),0
2018-09-29,Clearwater,0,Central (Park Hills),2
2018-09-29,Valle Catholic,2,Central (Park Hills),1
2018-09-29,Grain Valley,2,Central (Springfield),1
2018-09-29,Grandview,0,Central (St. Joseph),2
2018-09-29,Fort Osage,0,Central (St. Joseph),2
2018-09-29,St. Pius X (Kansas City),0,Central (St. Joseph),2
2018-09-29,Raymore-Peculiar,2,Central (St. Joseph),0
2018-09-29,Midway,2,Chillicothe,0
2018-09-29,Savannah,2,Chillicothe,0
2018-09-29,Lafayette (St. Joseph),1,Chillicothe,1
2018-09-29,Lutheran (Kansas City),2,Chillicothe,0
2018-09-29,Osceola,0,Clever,2
2018-09-29,Skyline,0,Clever,2
2018-09-29,Ursuline Academy,0,Cor Jesu Academy,2
2018-09-29,Verona,1,Crane,1
2018-09-29,St. Vincent,2,DeSoto,0
2018-09-29,Saxony Lutheran,1,DeSoto,2
2018-09-29,North County,2,DeSoto,0
2018-09-29,Bismarck,0,DeSoto,2
2018-09-29,MICDS,1,Dexter,1
2018-09-29,Saxony Lutheran,0,Dexter,2
2018-09-29,Fredericktown,0,Dexter,2
2018-09-29,Perryville,2,Dexter,0
2018-09-29,Leopold,0,Dexter,2
2018-09-29,Exeter,1,Diamond,1
2018-09-29,Lesterville,2,Doniphan,0
2018-09-29,North County,1,Doniphan,1
2018-09-29,Perryville,2,Doniphan,0
2018-09-29,Fredericktown,2,Doniphan,0
2018-09-29,Hume,0,Drexel,2
2018-09-29,Sarcoxie,0,El Dorado Springs,2
2018-09-29,Southwest (Washburn),2,Exeter,0
2018-09-29,Notre Dame (St. Louis),2,Father Tolton,0
2018-09-29,Lee's Summit West,2,Francis Howell,1
2018-09-29,Lutheran St. Charles,2,Francis Howell North,0
2018-09-29,Villa Duchesne,2,Francis Howell North,1
2018-09-29,Clearwater,0,Fredericktown,2
2018-09-29,Saxony Lutheran,1,Fredericktown,1
2018-09-29,MICDS,2,Fredericktown,0
2018-09-29,Bismarck,0,Fredericktown,2
2018-09-29,Lutheran St. Charles,2,Ft. Zumwalt North,0
2018-09-29,Villa Duchesne,0,Ft. Zumwalt North,2
2018-09-29,Liberty (Wentzville),0,Ft. Zumwalt West,2
2018-09-29,Whitfield,0,Ft. Zumwalt West,2
2018-09-29,Kirkwood,1,Ft. Zumwalt West,1
2018-09-29,Troy Buchanan,0,Ft. Zumwalt West,2
2018-09-29,Hannibal,2,Ft. Zumwalt West,0
2018-09-29,McAuley Catholic,2,Golden City,0
2018-09-29,Sheldon,0,Golden City,2
2018-09-29,Thomas Jefferson Independent Day,0,Golden City,2
2018-09-29,Jasper,2,Golden City,0
2018-09-29,Liberty (Mountain View),2,Grain Valley,0
2018-09-29,Neosho,0,Grain Valley,2
2018-09-29,Fort Osage,2,Grandview,0
2018-09-29,St. Pius X (Kansas City),2,Grandview,0
2018-09-29,McAuley Catholic,2,Greenfield,0
2018-09-29,Sheldon,0,Greenfield,2
2018-09-29,Thomas Jefferson Independent Day,0,Greenfield,2
2018-09-29,Jasper,1,Greenfield,1
2018-09-29,Whitfield,0,Hannibal,2
2018-09-29,Liberty (Wentzville),1,Hannibal,1
2018-09-29,Charleston,2,Hayti,0
2018-09-29,Hazelwood East,0,Hazelwood Central,2
2018-09-29,Ritenour,2,Hazelwood Central,0
2018-09-29,University City,0,Hazelwood Central,2
2018-09-29,Ritenour,2,Hazelwood East,0
2018-09-29,University City,0,Hazelwood East,2
2018-09-29,Holt,2,Hazelwood West,1
2018-09-29,Ladue Horton Watkins,2,Hazelwood West,0
2018-09-29,Parkway North,2,Hazelwood West,0
2018-09-29,Butler,2,Holden,1
2018-09-29,Miami (Amoret),0,Holden,2
2018-09-29,Rich Hill,1,Holden,1
2018-09-29,Logan-Rogersville,2,Hollister,0
2018-09-29,Republic,0,Hollister,2
2018-09-29,Grain Valley,2,Hollister,0
2018-09-29,Eminence,1,Hollister,2
2018-09-29,McAuley Catholic,2,Jasper,0
2018-09-29,Thomas Jefferson Independent Day,0,Jasper,2
2018-09-29,Liberty (Mountain View),0,Joplin,2
2018-09-29,Grain Valley,0,Joplin,2
2018-09-29,Neosho,0,Joplin,2
2018-09-29,Logan-Rogersville,2,Joplin,0
2018-09-29,Park Hill South,2,Kickapoo,1
2018-09-29,St. Teresa's Academy,2,Kickapoo,0
2018-09-29,Lee's Summit North,0,Kickapoo,2
2018-09-29,Hannibal,2,Kirkwood,0
2018-09-29,Whitfield,0,Kirkwood,2
2018-09-29,Troy Buchanan,1,Kirkwood,1
2018-09-29,Liberty (Wentzville),0,Kirkwood,2
2018-09-29,Bradleyville,2,Koshkonong,0
2018-09-29,Chadwick,2,Koshkonong,0
2018-09-29,Holt,2,Ladue Horton Watkins,0
2018-09-29,Parkway North,0,Ladue Horton Watkins,2
2018-09-29,Midway,0,Lafayette (St. Joseph),2
2018-09-29,Maryville,2,Lafayette (St. Joseph),0
2018-09-29,Savannah,0,Lafayette (St. Joseph),2
2018-09-29,Bishop LeBlond,2,Lafayette (St. Joseph),0
2018-09-29,St. Joseph Christian,0,Lafayette (St. Joseph),2
2018-09-29,Butler,0,Lamar,2
2018-09-29,Nixa,2,Lee's Summit North,0
2018-09-29,Seneca,0,Leopold,2
2018-09-29,St. Vincent,1,Leopold,2
2018-09-29,Valle Catholic,2,Leopold,0
2018-09-29,Perryville,0,Leopold,2
2018-09-29,Perryville,2,Lesterville,0
2018-09-29,MICDS,1,Lesterville,2
2018-09-29,Pleasant Hill,2,Lexington,0
2018-09-29,Marshall,2,Lexington,0
2018-09-29,California,2,Lexington,0
2018-09-29,Battle,2,Lexington,0
2018-09-29,Neosho,1,Liberty (Mountain View),2
2018-09-29,Republic,0,Logan-Rogersville,2
2018-09-29,Nevada,0,Logan-Rogersville,2
2018-09-29,Webb City,0,Logan-Rogersville,2
2018-09-29,St. Joseph Christian,0,Lutheran (Kansas City),2
2018-09-29,Versailles,1,Marshall,1
2018-09-29,Windsor,1,Marshall,1
2018-09-29,Santa Fe,2,Marshall,0
2018-09-29,Battle,1,Marshall,2
2018-09-29,El Dorado Springs,0,Marshfield,2
2018-09-29,Parkview,0,Marshfield,2
2018-09-29,Bolivar,0,Marshfield,2
2018-09-29,Lutheran (Kansas City),2,Maryville,0
2018-09-29,Bishop LeBlond,1,Maryville,1
2018-09-29,St. Joseph Christian,0,Maryville,2
2018-09-29,Savannah,0,Maryville,2
2018-09-29,Republic,2,McDonald County,1
2018-09-29,Nevada,2,McDonald County,0
2018-09-29,Neosho,0,McDonald County,2
2018-09-29,Webb City,2,McDonald County,0
2018-09-29,Eminence,2,McDonald County,0
2018-09-29,Wright City,2,Mexico,0
2018-09-29,Osage,2,Mexico,0
2018-09-29,West Plains,2,Mexico,0
2018-09-29,Rolla,2,Mexico,0
2018-09-29,Rich Hill,2,Miami (Amoret),0
2018-09-29,Saxony Lutheran,1,MICDS,1
2018-09-29,Bishop LeBlond,2,Midway,1
2018-09-29,Webb City,2,Nevada,1
2018-09-29,Eminence,0,Nevada,2
2018-09-29,Lesterville,1,North County,1
2018-09-29,Perryville,1,North County,1
2018-09-29,Seneca,0,North County,2
2018-09-29,Excelsior Springs,1,North Kansas City,1
2018-09-29,Raymore-Peculiar,2,North Kansas City,0
2018-09-29,West Plains,1,Osage,1
2018-09-29,Wright City,0,Osage,2
2018-09-29,Houston,0,Osage,2
2018-09-29,Rolla,2,Osage,0
2018-09-29,St. Teresa's Academy,2,Park Hill South,0
2018-09-29,El Dorado Springs,2,Parkview,0
2018-09-29,Stockton,0,Parkview,2
2018-09-29,University City,0,Parkway North,2
2018-09-29,Ft. Zumwalt East,1,Parkway South,2
2018-09-29,Westminster Christian Academy,0,Parkway South,2
2018-09-29,Nerinx Hall,0,Parkway West,2
2018-09-29,Seneca,2,Perryville,0
2018-09-29,Valle Catholic,2,Perryville,0
2018-09-29,Southwest (Washburn),0,Pierce City,2
2018-09-29,Wheaton,2,Pierce City,0
2018-09-29,California,1,Pleasant Hill,1
2018-09-29,Battle,0,Pleasant Hill,2
2018-09-29,Santa Fe,2,Pleasant Hill,1
2018-09-29,Excelsior Springs,0,Raymore-Peculiar,2
2018-09-29,St. Pius X (Kansas City),1,Raymore-Peculiar,2
2018-09-29,University City,0,Ritenour,2
2018-09-29,Webb City,0,Rolla,2
2018-09-29,Waynesville,0,Rolla,2
2018-09-29,Houston,0,Rolla,2
2018-09-29,Versailles,0,Santa Fe,2
2018-09-29,Windsor,1,Santa Fe,1
2018-09-29,California,1,Santa Fe,2
2018-09-29,Stockton,1,Sarcoxie,1
2018-09-29,Midway,1,Savannah,1
2018-09-29,Valle Catholic,2,Seneca,0
2018-09-29,McAuley Catholic,2,Sheldon,0
2018-09-29,Wheaton,2,Southwest (Washburn),0
2018-09-29,Fort Osage,0,St. Pius X (Kansas City),2
2018-09-29,Tipton,0,Willard,2
2018-09-29,Houston,1,Webb City,1
2018-09-29,Waynesville,1,Webb City,1
2018-09-29,West Plains,1,Webb City,2
2018-09-29,Wright City,0,Webb City,2
2018-09-29,Brookfield,0,Trenton,2
2018-09-29,Richmond,2,Trenton,0
2018-09-29,Ft. Zumwalt East,1,Trinity Catholic,2
2018-09-29,Westminster Christian Academy,2,Trinity Catholic,1
2018-09-29,Whitfield,0,Troy Buchanan,2
2018-09-29,Liberty (Wentzville),2,Troy Buchanan,0
2018-09-29,Windsor,2,Versailles,0
2018-09-29,Battle,2,Versailles,1
2018-09-29,Versailles,1,Warrensburg,1
2018-09-29,Windsor,1,Warrensburg,1
2018-09-29,Santa Fe,2,Warrensburg,0
2018-09-29,Marshall,0,Warrensburg,2
2018-09-29,California,2,Warrensburg,1
2018-09-29,Houston,0,Waynesville,2
2018-09-29,Wright City,2,Waynesville,0
2018-09-29,Liberty (Mountain View),1,Webb City,2
2018-09-29,Eminence,0,Webb City,2
2018-09-29,Wright City,1,West Plains,1
2018-10-01,Clinton,0,Barstow,2
2018-10-01,Lafayette (St. Joseph),0,Benton,2
2018-10-01,Marionville,0,Billings,2
2018-10-01,Ste. Genevieve,2,Bismarck,0
2018-10-01,Raytown,0,Blue Springs South,2
2018-10-01,Glendale,1,Branson,2
2018-10-01,Boonville,2,Calvary Lutheran,1
2018-10-01,Senath-Hornersville,0,Caruthersville,2
2018-10-01,Guadalupe Centers Charter,0,Central (Kansas City),2
2018-10-01,St. Pius X (Festus),0,Central (Park Hills),2
2018-10-01,Richland (Essex),1,Charleston,2
2018-10-01,Trenton,0,Chillicothe,2
2018-10-01,Ladue Horton Watkins,2,Clayton,0
2018-10-01,Winona,2,Clever,0
2018-10-01,Orrick,0,Concordia,2
2018-10-01,Sherwood,0,Crest Ridge,2
2018-10-01,Lutheran North,2,Crossroads College Preparatory,0
2018-10-01,Festus,2,Crystal City,0
2018-10-01,Potosi,0,DeSoto,2
2018-10-01,Puxico,0,Dexter,2
2018-10-01,Licking,2,Dixon,0
2018-10-01,Hogan Prep Academy Charter,2,East (Kansas City),0
2018-10-01,Northland Christian,2,East Buchanan,1
2018-10-01,Southern Boone,1,Eldon,2
2018-10-01,Winona,2,Eminence,0
2018-10-01,Niangua,1,Exeter,2
2018-10-01,Jackson,2,Farmington,0
2018-10-01,Spokane,1,Forsyth,2
2018-10-01,Nerinx Hall,0,Francis Howell Central,2
2018-10-01,Central (Cape Girardeau),2,Fredericktown,0
2018-10-01,McAuley Catholic,2,Golden City,0
2018-10-01,Kingston,0,Grandview (Hillsboro),2
2018-10-01,Knob Noster,0,Green Ridge,2
2018-10-01,Clearwater,2,Greenville,0
2018-10-01,Hazelwood Central,2,Hazelwood East,0
2018-10-01,St. Joseph's Academy,0,Helias Catholic,2
2018-10-01,Washington,1,Hermann,2
2018-10-01,Union,0,Hillsboro,2
2018-10-01,Rich Hill,2,Hume,0
2018-10-01,Normandy Collaborative,0,Jennings,2
2018-10-01,Liberty,2,Kearney,0
2018-10-01,Central (New Madrid County),0,Kennett,2
2018-10-01,Central (Springfield),0,Lebanon,2
2018-10-01,Lesterville,0,Liberty (Mountain View),2
2018-10-01,William Chrisman,0,Liberty North,2
2018-10-01,Roosevelt,0,Lift for Life Academy Charter,2
2018-10-01,Parkway West,2,Lindbergh,1
2018-10-01,Villa Duchesne,1,Lutheran St. Charles,2
2018-10-01,Campbell,0,Malden,2
2018-10-01,Santa Fe,2,Marshall,0
2018-10-01,Riverview Gardens,1,McCluer,2
2018-10-01,University City,0,McCluer South-Berkeley,2
2018-10-01,Marquand-Zion,0,Meadow Heights,2
2018-10-01,Maryville,1,Mid-Buchanan,2
2018-10-01,New Covenant Academy,2,Miller,0
2018-10-01,Bolivar,0,Monett,2
2018-10-01,Winfield,2,Montgomery County,1
2018-10-01,Eminence,1,Mountain Grove,2
2018-10-01,Fulton,0,New Haven,2
2018-10-01,St. James,0,Nodaway-Holt,2
2018-10-01,Centralia,2,North Callaway,0
2018-10-01,Hayti,0,North Pemiscot,2
2018-10-01,West Platte,2,North Platte,0
2018-10-01,Park Hill South,0,Park Hill,2
2018-10-01,St. Joseph Christian,2,Penney,0
2018-10-01,Raymore-Peculiar,1,Platte County,2
2018-10-01,Thomas Jefferson Independent Day,0,Pleasant Hope,2
2018-10-01,Clarkton,0,Portageville,2
2018-10-01,Maplewood-Richmond Hts.,2,Principia,1
2018-10-01,California,2,Rock Bridge,1
2018-10-01,Pattonville,0,Rockwood Summit,2
2018-10-01,Owensville,1,Rolla,2
2018-10-01,Notre Dame (St. Louis),1,Springfield Catholic,2
2018-10-01,Tipton,2,Sarcoxie,0
2018-10-01,Oak Ridge,2,Seneca,1
2018-10-01,Northeast Vernon County,1,Sheldon,2
2018-10-01,Osage,2,Skyline,1
2018-10-01,Viburnum,1,South Iron,2
2018-10-01,Holcomb,2,Summersville,0
2018-10-01,Crane,2,Southwest (Washburn),0
2018-10-01,Holt,2,St. Charles,0
2018-10-01,John Burroughs,0,St. Dominic,2
2018-10-01,Cardinal Ritter,0,St. Joseph's Academy,2
2018-10-01,Zalma,2,St. Paul Lutheran (Farmington),1
2018-10-01,Cuba,0,Webb City,2
2018-10-01,Cabool,2,Wright City,0
2018-10-01,Windsor,0,Summit Christian Academy,2
2018-10-01,Koshkonong,0,Thayer,2
2018-10-01,Francis Howell,2,Timberland,0
2018-10-01,Willard,2,Warsaw,0
2018-10-01,Logan-Rogersville,2,West Plains,0
2018-10-01,Everton,0,Wheaton,2
2018-10-01,St. Vincent,2,Woodland,0
2018-10-02,Liberal,0,Adrian,2
2018-10-02,Bloomfield,0,Advance,2
2018-10-02,Windsor (Imperial),2,Affton,0
2018-10-02,Miller,1,Ash Grove,2
2018-10-02,Logan-Rogersville,2,Aurora,0
2018-10-02,Northeast Vernon County,2,Ballard,1
2018-10-02,Father Tolton,0,Battle,2
2018-10-02,North Kansas City,1,Belton,2
2018-10-02,Wheaton,0,Billings,2
2018-10-02,Valley,2,Bismarck,0
2018-10-02,Raymore-Peculiar,2,Blue Springs,1
2018-10-02,Fair Grove,2,Bolivar,0
2018-10-02,Belle,0,Bourbon,2
2018-10-02,Union,2,Bradleyville,0
2018-10-02,Nixa,2,Branson,0
2018-10-02,Hume,2,Bronaugh,0
2018-10-02,El Dorado Springs,1,Buffalo,2
2018-10-02,Hickman,0,Camdenton,2
2018-10-02,Gateway,2,Carnahan,0
2018-10-02,Malden,2,Caruthersville,0
2018-10-02,Lamar,2,Cassville,0
2018-10-02,Versailles,2,Center,0
2018-10-02,Puxico,0,Central (Cape Girardeau),2
2018-10-02,Farmington,2,Central (Park Hills),0
2018-10-02,Montgomery County,2,Centralia,0
2018-10-02,School of the Ozarks,2,Chadwick,0
2018-10-02,Lafayette (St. Joseph),2,Chillicothe,0
2018-10-02,Cabool,2,Conway,0
2018-10-02,Guadalupe Centers Charter,0,Cristo Rey,2
2018-10-02,Brentwood,0,Crossroads College Preparatory,2
2018-10-02,Liberty (Mountain View),2,Dexter,1
2018-10-02,Pierce City,0,Diamond,2
2018-10-02,Charleston,0,Doniphan,2
2018-10-02,Jasper,0,Drexel,2
2018-10-02,Cameron,2,East Buchanan,0
2018-10-02,Eugene,1,Eldon,2
2018-10-02,Lafayette (Wildwood),2,Eureka,0
2018-10-02,Osage,1,Fatima,2
2018-10-02,Herculaneum,0,Festus,2
2018-10-02,Troy Buchanan,0,Francis Howell Central,2
2018-10-02,Timberland,2,Ft. Zumwalt East,0
2018-10-02,Liberty (Wentzville),1,Ft. Zumwalt South,2
2018-10-02,Francis Howell,2,Ft. Zumwalt West,0
2018-10-02,Marshall,2,Fulton,0
2018-10-02,Purdy,0,Galena,2
2018-10-02,Central (Springfield),0,Glendale,2
2018-10-02,Grandview,0,Grain Valley,2
2018-10-02,Otterville,0,Green Ridge,2
2018-10-02,Calvary Lutheran,2,Hallsville,0
2018-10-02,Maplewood-Richmond Hts.,2,Hancock,0
2018-10-02,Brookfield,0,Hannibal,2
2018-10-02,Oak Grove,2,Harrisonville,0
2018-10-02,Blair Oaks,0,Helias Catholic,2
2018-10-02,Pacific,0,Hermann,2
2018-10-02,Carrollton,0,Holden,2
2018-10-02,Francis Howell North,0,Holt,2
2018-10-02,Forsyth,2,Hurley,1
2018-10-02,Ursuline Academy,0,Incarnate Word Academy,2
2018-10-02,Perryville,0,Jackson,2
2018-10-02,Ladue Horton Watkins,2,John Burroughs,1
2018-10-02,Ozark,2,Joplin,0
2018-10-02,Notre Dame (Cape Girardeau),2,Kennett,0
2018-10-02,West County,2,Kingston,0
2018-10-02,Parkway West,2,Kirkwood,0
2018-10-02,Richmond,2,Knob Noster,1
2018-10-02,Northwest (Hughesville),2,La Monte,0
2018-10-02,Lexington,0,Lafayette County,2
2018-10-02,Trenton,2,Lathrop,0
2018-10-02,Savannah,2,Lawson,1
2018-10-02,Lee's Summit West,2,Lee's Summit North,0
2018-10-02,Lee's Summit,0,Liberty,2
2018-10-02,Staley,1,Liberty North,2
2018-10-02,Cardinal Ritter,0,Lift for Life Academy Charter,2
2018-10-02,Willard,0,Lincoln,2
2018-10-02,Central (Kansas City),0,Lincoln College Prep,2
2018-10-02,Pembroke Hill,2,Lutheran (Kansas City),1
2018-10-02,Pleasant Hope,1,Marionville,2
2018-10-02,Parkway South,0,Marquette,2
2018-10-02,Hollister,0,Marshfield,2
2018-10-02,Hazelwood East,0,McCluer North,2
2018-10-02,East Newton,2,McDonald County,0
2018-10-02,Collegiate School of Med-Bio Science,2,McKinley Classical Leadership,0
2018-10-02,Archie,1,Midway,2
2018-10-02,Transportation and Law,0,Miller Career Academy,2
2018-10-02,Seneca,2,Monett,0
2018-10-02,Eminence,1,Mountain Grove,2
2018-10-02,Springfield Catholic,0,Mt. Vernon,2
2018-10-02,Carthage,2,Neosho,0
2018-10-02,Cor Jesu Academy,2,Nerinx Hall,0
2018-10-02,Verona,0,New Heights Christian,2
2018-10-02,St. Joseph Christian,2,Nodaway-Holt,1
2018-10-02,North Technical,2,Normandy Collaborative,0
2018-10-02,Fredericktown,2,North County,1
2018-10-02,Plattsburg,0,Northland Christian,2
2018-10-02,Webster Groves,1,Northwest (Cedar Hill),2
2018-10-02,William Chrisman,0,Oak Park,2
2018-10-02,Bell City,0,Oran,2
2018-10-02,Crest Ridge,2,Orrick,0
2018-10-02,Blue Springs South,2,Park Hill,0
2018-10-02,Reeds Spring,1,Parkview,2
2018-10-02,Parkway Central,2,Parkway North,0
2018-10-02,Thayer,0,Plato,2
2018-10-02,Raytown South,0,Platte County,2
2018-10-02,Odessa,0,Pleasant Hill,2
2018-10-02,Ste. Genevieve,2,Potosi,1
2018-10-02,Gateway Science Charter,0,Principia,2
2018-10-02,Fort Osage,2,Raytown,0
2018-10-02,Osceola,2,Rich Hill,1
2018-10-02,Central (New Madrid County),1,Richland (Essex),2
2018-10-02,Trinity Catholic,2,Ritenour,0
2018-10-02,Cole Camp,0,Sacred Heart,2
2018-10-02,Lockwood,1,Sarcoxie,2
2018-10-02,Hayti,0,Senath-Hornersville,2
2018-10-02,Portageville,2,Sikeston,1
2018-10-02,Stockton,1,Skyline,2
2018-10-02,Warsaw,0,Savannah,2
2018-10-02,Kearney,2,Sparta,0
2018-10-02,Cooter,1,Southland,2
2018-10-02,Blue Eye,2,Spokane,1
2018-10-02,Orchard Farm,0,St. Charles,2
2018-10-02,Winfield,2,St. Charles West,1
2018-10-02,Webb City,2,St. Clair,1
2018-10-02,Owensville,2,St. James,0
2018-10-02,Santa Fe,1,St. Paul Lutheran (Concordia),2
2018-10-02,Ellington,2,St. Paul Lutheran (Farmington),1
2018-10-02,Jefferson (Festus),1,St. Pius X (Festus),2
2018-10-02,Dixon,0,Warsaw,2
2018-10-02,Licking,1,Wright City,2
2018-10-02,Soldan International Studies,1,West Plains,2
2018-10-02,Central (St. Joseph),2,St. Charles,0
2018-10-02,Bernie,2,St. Clair,0
2018-10-02,New Haven,2,Union,1
2018-10-02,East (Kansas City),0,University Academy Charter,2
2018-10-02,Arcadia Valley,2,Valle Catholic,0
2018-10-02,Bayless,2,Valley Park,1
2018-10-02,Roosevelt,2,Waynesville,1
2018-10-02,California,2,Versailles,0
2018-10-02,Cuba,2,Viburnum,0
2018-10-02,MICDS,0,Villa Duchesne,2
2018-10-02,Lutheran South,1,Visitation Academy,2
2018-10-02,Excelsior Springs,2,Warrensburg,1
2018-10-02,Veritas Christian Academy,2,Warrenton,0
2018-10-02,Ft. Zumwalt North,0,Washington,2
2018-10-02,Carl Junction,0,Webb City,0
2018-10-02,Lone Jack,2,Wellington-Napoleon,0
2018-10-02,Bishop LeBlond,2,West Platte,1
2018-10-02,Whitfield,0,Westminster Christian Academy,2
2018-10-02,Republic,0,Willard,2
2018-10-02,Smithton,0,Windsor,2
2018-10-02,Willow Springs,0,Winona,2
2018-10-02,Leopold,2,Woodland,1
2018-10-03,McCluer North,0,Affton,2
2018-10-03,Bayless,1,Bishop DuBourg,2
2018-10-03,Jennings,0,Brentwood,2
2018-10-03,Pattonville,2,Clayton,0
2018-10-03,Billings,2,Galena,0
2018-10-03,Fox,2,Hazelwood Central,0
2018-10-03,Windsor (Imperial),2,Herculaneum,0
2018-10-03,Kirkwood,0,Lafayette (Wildwood),2
2018-10-03,Lutheran St. Charles,2,Lutheran North,0
2018-10-03,North Callaway,0,Mexico,2
2018-10-03,Confluence Prep Academy Charter,0,North Technical,2
2018-10-03,Hillsboro,2,Pacific,0
2018-10-03,Seckman,2,Ritenour,0
2018-10-03,Hazelwood West,2,St. Charles West,1
2018-10-03,Duchesne,0,St. Joseph's Academy,0
2018-10-03,Francis Howell,0,St. Joseph's Academy,2
2018-10-03,St. Dominic,2,St. Joseph's Academy,0
2018-10-03,St. Michael the Archangel,0,St. Teresa's Academy,2
2018-10-03,Trinity Catholic,0,Veritas Christian Academy,2
2018-10-03,Principia,0,Wright City,2
2018-10-04,Midway,0,Adrian,2
2018-10-04,Zalma,0,Advance,2
2018-10-04,DeSoto,1,Affton,2
2018-10-04,Kingston,0,Arcadia Valley,2
2018-10-04,Rich Hill,2,Archie,1
2018-10-04,Conway,1,Ava,2
2018-10-04,Calhoun,1,Ballard,2
2018-10-04,Clarkton,2,Bell City,0
2018-10-04,Maryville,2,Benton,1
2018-10-04,Bloomfield,0,Bernie,2
2018-10-04,Galena,0,Blue Eye,2
2018-10-04,Mexico,0,California,2
2018-10-04,Ozark,2,Carl Junction,0
2018-10-04,Lafayette County,1,Carrollton,2
2018-10-04,Willard,2,Carthage,0
2018-10-04,Kennett,0,Central (Cape Girardeau),2
2018-10-04,East (Kansas City),0,Central (Kansas City),2
2018-10-04,Caruthersville,2,Central (New Madrid County),0
2018-10-04,Camdenton,2,Central (Springfield),0
2018-10-04,Lee's Summit,2,Central (St. Joseph),1
2018-10-04,Hurley,2,Chadwick,0
2018-10-04,Savannah,2,Chillicothe,0
2018-10-04,Lesterville,2,Clearwater,0
2018-10-04,Skyline,0,Clever,2
2018-10-04,Lincoln,0,Cole Camp,2
2018-10-04,Northwest (Hughesville),0,Cole Camp,2
2018-10-04,Incarnate Word Academy,0,Cor Jesu Academy,2
2018-10-04,Grandview (Hillsboro),1,Cuba,2
2018-10-04,Sarcoxie,2,Dixon,0
2018-10-04,Greenville,1,Doniphan,2
2018-10-04,Springfield Catholic,2,Duchesne,0
2018-10-04,North Platte,2,East Buchanan,0
2018-10-04,Nevada,2,East Newton,0
2018-10-04,Butler,0,El Dorado Springs,2
2018-10-04,Wright City,2,Eminence,0
2018-10-04,Parkway West,1,Eureka,2
2018-10-04,Golden City,2,Everton,0
2018-10-04,Winona,1,Fair Grove,2
2018-10-04,North County,0,Farmington,2
2018-10-04,Battle,0,Fatima,2
2018-10-04,St. Pius X (Festus),1,Festus,2
2018-10-04,North Kansas City,0,Fort Osage,2
2018-10-04,Washington,2,Francis Howell Central,1
2018-10-04,Ste. Genevieve,2,Fredericktown,0
2018-10-04,St. Charles,0,Ft. Zumwalt East,2
2018-10-04,Parkway North,0,Ft. Zumwalt North,2
2018-10-04,West Plains,0,Glendale,2
2018-10-04,Winnetonka,2,Grandview,0
2018-10-04,Windsor,2,Green Ridge,0
2018-10-04,La Monte,0,Green Ridge,2
2018-10-04,Osage,2,Hallsville,0
2018-10-04,Orchard Farm,2,Hazelwood West,1
2018-10-04,Father Tolton,0,Hickman,2
2018-10-04,Campbell,2,Holcomb,0
2018-10-04,Knob Noster,0,Holden,2
2018-10-04,Reeds Spring,2,Hollister,1
2018-10-04,Bourbon,0,Houston,2
2018-10-04,Lakeland,0,Jasper,2
2018-10-04,Perryville,0,Jefferson (Festus),2
2018-10-04,Republic,1,Joplin,2
2018-10-04,Grain Valley,0,Kearney,2
2018-10-04,Hillcrest,0,Kickapoo,2
2018-10-04,Fulton,0,Kirksville,2
2018-10-04,Tipton,2,La Monte,0
2018-10-04,Bishop LeBlond,2,Lafayette (St. Joseph),0
2018-10-04,Seneca,2,Lamar,0
2018-10-04,Mid-Buchanan,0,Lawson,2
2018-10-04,Rolla,2,Lebanon,0
2018-10-04,Blue Springs,2,Lee's Summit North,0
2018-10-04,Park Hill,0,Lee's Summit West,2
2018-10-04,Richmond,0,Lexington,2
2018-10-04,Ft. Zumwalt West,2,Liberty (Wentzville),0
2018-10-04,Northwest (Hughesville),0,Lincoln,2
2018-10-04,Northeast (Kansas City),0,Lincoln College Prep,2
2018-10-04,Springfield Catholic,0,Logan-Rogersville,2
2018-10-04,Villa Duchesne,2,Lutheran South,0
2018-10-04,Bishop DuBourg,0,Lutheran St. Charles,2
2018-10-04,Clayton,0,Maplewood-Richmond Hts.,2
2018-10-04,Seckman,0,Marquette,2
2018-10-04,Boonville,2,Marshall,0
2018-10-04,Aurora,0,Marshfield,2
2018-10-04,McCluer,2,McCluer South-Berkeley,0
2018-10-04,Cassville,2,McDonald County,1
2018-10-04,Northeast Vernon County,2,Miami (Amoret),0
2018-10-04,Diamond,0,Miller,2
2018-10-04,Bowling Green,0,Montgomery County,2
2018-10-04,Branson,2,Neosho,0
2018-10-04,Hermann,2,New Haven,0
2018-10-04,Hazelwood East,2,Normandy Collaborative,0
2018-10-04,Saxony Lutheran,2,Notre Dame (Cape Girardeau),0
2018-10-04,Parkway South,0,Oakville,2
2018-10-04,Excelsior Springs,0,Odessa,2
2018-10-04,Richland (Essex),0,Oran,2
2018-10-04,St. Paul Lutheran (Concordia),2,Orrick,1
2018-10-04,Drexel,0,Osceola,2
2018-10-04,Sacred Heart,2,Otterville,0
2018-10-04,Willard,2,Otterville,0
2018-10-04,St. Clair,2,Owensville,1
2018-10-04,Union,0,Pacific,2
2018-10-04,Liberty,2,Park Hill South,1
2018-10-04,Westminster Christian Academy,1,Parkway Central,2
2018-10-04,Barstow,2,Pembroke Hill,0
2018-10-04,Lathrop,2,Penney,0
2018-10-04,Lockwood,2,Pierce City,0
2018-10-04,Oak Grove,0,Pleasant Hill,2
2018-10-04,Ash Grove,2,Pleasant Hope,1
2018-10-04,Dexter,1,Poplar Bluff,2
2018-10-04,Central (Park Hills),2,Potosi,0
2018-10-04,Southwest (Washburn),2,Purdy,0
2018-10-04,Notre Dame de Sion,0,Raymore-Peculiar,2
2018-10-04,Hannibal,1,Rock Bridge,2
2018-10-04,Northwest (Cedar Hill),2,Rockwood Summit,0
2018-10-04,Oak Park,2,Ruskin,0
2018-10-04,Marionville,0,Sarcoxie,2
2018-10-04,New Covenant Academy,2,School of the Ozarks,1
2018-10-04,Woodland,1,Seneca,2
2018-10-04,Delta (Deering),0,Senath-Hornersville,2
2018-10-04,Hume,2,Sheldon,0
2018-10-04,Malden,2,Sikeston,0
2018-10-04,Blue Springs South,2,Savannah,0
2018-10-04,Sacred Heart,2,Smithton,0
2018-10-04,Willard,1,Smithton,1
2018-10-04,Platte County,2,Sparta,0
2018-10-04,North Nodaway,0,South Harrison,2
2018-10-04,Bunker,0,South Iron,2
2018-10-04,Charleston,0,Summersville,2
2018-10-04,Fordland,2,Union,0
2018-10-04,Cameron,0,St. Pius X (Kansas City),2
2018-10-04,St. Charles,0,Staley,2
2018-10-04,Belle,0,Warsaw,2
2018-10-04,St. James,0,Webb City,2
2018-10-04,Center,0,Summit Christian Academy,2
2018-10-04,Koshkonong,0,Thayer,2
2018-10-04,Holt,0,Timberland,2
2018-10-04,Windsor,2,Tipton,0
2018-10-04,Ft. Zumwalt South,0,Troy Buchanan,2
2018-10-04,Puxico,2,St. Clair,0
2018-10-04,Jennings,2,University City,0
2018-10-04,Valle Catholic,2,Valley,0
2018-10-04,Crystal City,1,Valley Park,2
2018-10-04,Thomas Jefferson Independent Day,0,Verona,2
2018-10-04,Clinton,0,Versailles,2
2018-10-04,Whitfield,0,Visitation Academy,2
2018-10-04,Harrisonville,0,Warrensburg,2
2018-10-04,Buffalo,2,Warsaw,0
2018-10-04,Parkview,2,Waynesville,0
2018-10-04,Nixa,2,Webb City,0
2018-10-04,Lindbergh,1,Webster Groves,2
2018-10-04,Crest Ridge,2,Wellington-Napoleon,0
2018-10-04,Bismarck,0,West County,2
2018-10-04,Plattsburg,0,West Platte,2
2018-10-04,Raytown,0,William Chrisman,2
2018-10-04,Plato,2,Willow Springs,1
2018-10-04,Mountain Grove,2,Winona,1
2018-10-04,Centralia,1,Wright City,2
2018-10-05,Brentwood,2,Bayless,1
2018-10-05,Columbia Independent,0,Bunceton,2
2018-10-05,Plato,2,Dixon,0
2018-10-05,Wheaton,2,Exeter,0
2018-10-05,Crossroads College Preparatory,2,Hancock,0
2018-10-05,Bradleyville,2,Koshkonong,0
2018-10-05,Francis Howell North,2,Liberty (Wentzville),1
2018-10-05,John Burroughs,0,Lindbergh,2
2018-10-05,Valley Park,0,Maplewood-Richmond Hts.,2
2018-10-05,Oran,2,Meadow Heights,0
2018-10-05,Niangua,0,New Covenant Academy,2
2018-10-05,Sheldon,0,New Heights Christian,2
2018-10-05,Campbell,2,North Pemiscot,0
2018-10-05,Lee's Summit North,2,Notre Dame de Sion,0
2018-10-05,Marquand-Zion,0,Oak Ridge,2
2018-10-05,St. Teresa's Academy,2,Ozark,1
2018-10-05,St. Joseph's Academy,0,Ozark,2
2018-10-05,Fox,0,Parkway South,2
2018-10-05,Greenville,2,Puxico,1
2018-10-05,Ellington,2,Valley,0
2018-10-05,Visitation Academy,2,Westminster Christian Academy,0
2018-10-05,Trinity Catholic,2,Whitfield,1
2018-10-05,Ft. Zumwalt North,2,Winfield,0
2018-10-05,Richland (Essex),1,Zalma,1
2018-10-06,Poplar Bluff,0,Advance,2
2018-10-06,Perryville,2,Advance,1
2018-10-06,Hillsboro,0,Advance,2
2018-10-06,Arcadia Valley,2,Advance,0
2018-10-06,John Burroughs,2,Affton,0
2018-10-06,Bishop DuBourg,1,Affton,2
2018-10-06,Lift for Life Academy Charter,0,Affton,2
2018-10-06,St. Vincent,0,Arcadia Valley,2
2018-10-06,Conway,0,Ash Grove,2
2018-10-06,Plato,0,Ash Grove,2
2018-10-06,Marionville,0,Ash Grove,2
2018-10-06,Union,0,Ash Grove,2
2018-10-06,Crane,0,Ash Grove,2
2018-10-06,Fair Grove,2,Aurora,0
2018-10-06,Mountain Grove,1,Aurora,1
2018-10-06,Logan-Rogersville,2,Aurora,0
2018-10-06,Stockton,0,Aurora,2
2018-10-06,Bourbon,1,Belle,1
2018-10-06,Eugene,2,Belle,0
2018-10-06,John Burroughs,2,Bishop DuBourg,0
2018-10-06,Lift for Life Academy Charter,0,Bishop DuBourg,2
2018-10-06,Pembroke Hill,2,Bishop LeBlond,0
2018-10-06,Calvary Lutheran,1,Blair Oaks,2
2018-10-06,Lesterville,1,Bloomfield,2
2018-10-06,Holt,0,Bloomfield,2
2018-10-06,Calvary Lutheran,3,Boonville,0
2018-10-06,Owensville,2,Boonville,0
2018-10-06,Eldon,2,Boonville,1
2018-10-06,Sarcoxie,0,Bourbon,2
2018-10-06,Eugene,2,Bourbon,0
2018-10-06,Mountain Grove,1,Buffalo,1
2018-10-06,Logan-Rogersville,2,Buffalo,0
2018-10-06,Aurora,2,Buffalo,0
2018-10-06,Fair Grove,2,Buffalo,0
2018-10-06,West County,2,Bunker,0
2018-10-06,Valley,1,Bunker,2
2018-10-06,Liberty (Mountain View),1,Cabool,1
2018-10-06,Salem,0,Cabool,2
2018-10-06,Wright City,0,Cabool,2
2018-10-06,Warsaw,0,Cabool,2
2018-10-06,Licking,2,Cabool,0
2018-10-06,St. Charles,2,Cabool,0
2018-10-06,Hermann,2,Camdenton,0
2018-10-06,Lebanon,2,Camdenton,0
2018-10-06,Hickman,0,Camdenton,2
2018-10-06,Marshfield,2,Camdenton,1
2018-10-06,Bishop LeBlond,2,Cameron,0
2018-10-06,Pembroke Hill,2,Cameron,0
2018-10-06,Lockwood,0,Carthage,2
2018-10-06,East Newton,0,Carthage,2
2018-10-06,Seneca,0,Carthage,2
2018-10-06,Webb City,2,Carthage,1
2018-10-06,Rolla,2,Cassville,0
2018-10-06,Stockton,1,Cassville,1
2018-10-06,Willard,2,Cassville,0
2018-10-06,Winona,1,Cassville,1
2018-10-06,Mountain Grove,2,Cassville,0
2018-10-06,Benton,0,Central (St. Joseph),2
2018-10-06,Cameron,0,Central (St. Joseph),2
2018-10-06,Lafayette (St. Joseph),0,Central (St. Joseph),2
2018-10-06,Bishop LeBlond,0,Central (St. Joseph),2
2018-10-06,Pembroke Hill,0,Central (St. Joseph),2
2018-10-06,Belle,0,Centralia,2
2018-10-06,Eugene,1,Centralia,1
2018-10-06,Bourbon,0,Centralia,2
2018-10-06,North Callaway,0,Centralia,2
2018-10-06,Mt. Vernon,1,Clever,2
2018-10-06,Branson,0,Clever,2
2018-10-06,Sacred Heart,2,Cole Camp,1
2018-10-06,Green Ridge,1,Cole Camp,2
2018-10-06,St. Paul Lutheran (Concordia),1,Concordia,1
2018-10-06,Wellington-Napoleon,2,Concordia,0
2018-10-06,Lone Jack,0,Concordia,1
2018-10-06,Plato,2,Conway,0
2018-10-06,Pleasant Hope,0,Conway,2
2018-10-06,Marionville,1,Crane,1
2018-10-06,Union,0,Crane,2
2018-10-06,Niangua,0,Crane,2
2018-10-06,Plato,0,Crane,2
2018-10-06,St. Paul Lutheran (Concordia),2,Crest Ridge,0
2018-10-06,Wellington-Napoleon,1,Crest Ridge,2
2018-10-06,Concordia,0,Crest Ridge,2
2018-10-06,Lone Jack,0,Crest Ridge,2
2018-10-06,Santa Fe,2,Crest Ridge,0
2018-10-06,West County,2,Crystal City,0
2018-10-06,Kingston,0,Crystal City,2
2018-10-06,Warrenton,2,Cuba,0
2018-10-06,Sarcoxie,2,Dixon,0
2018-10-06,Linn,2,Dixon,0
2018-10-06,Northland Christian,2,Drexel,0
2018-10-06,Sherwood,2,Drexel,0
2018-10-06,Lockwood,1,East Newton,1
2018-10-06,Calvary Lutheran,3,Eldon,0
2018-10-06,Willow Springs,0,Eminence,2
2018-10-06,Houston,0,Eminence,2
2018-10-06,Licking,2,Eminence,0
2018-10-06,Linn,0,Eugene,2
2018-10-06,Rockwood Summit,1,Eureka,1
2018-10-06,Webb City,0,Eureka,2
2018-10-06,Lutheran South,1,Eureka,2
2018-10-06,Troy Buchanan,0,Eureka,2
2018-10-06,Golden City,2,Everton,0
2018-10-06,Pleasant Hope,2,Everton,0
2018-10-06,Niangua,2,Everton,0
2018-10-06,Mountain Grove,0,Fair Grove,2
2018-10-06,Lebanon,2,Fatima,0
2018-10-06,Seckman,1,Festus,2
2018-10-06,Jefferson (Festus),2,Festus,1
2018-10-06,Timberland,2,Ft. Zumwalt South,0
2018-10-06,Lutheran South,2,Ft. Zumwalt South,0
2018-10-06,Webb City,0,Ft. Zumwalt South,2
2018-10-06,Parkway Central,1,Ft. Zumwalt South,1
2018-10-06,Owensville,2,Fulton,0
2018-10-06,Calvary Lutheran,2,Fulton,0
2018-10-06,Blair Oaks,2,Fulton,0
2018-10-06,Marshfield,2,Glendale,0
2018-10-06,Hermann,2,Glendale,0
2018-10-06,Jefferson City,1,Glendale,1
2018-10-06,Fatima,1,Glendale,1
2018-10-06,Plato,2,Golden City,0
2018-10-06,Niangua,1,Golden City,1
2018-10-06,Pleasant Hope,0,Golden City,2
2018-10-06,Pacific,3,Grandview,0
2018-10-06,Orchard Farm,2,Grandview (Hillsboro),0
2018-10-06,St. James,0,Grandview (Hillsboro),3
2018-10-06,Pacific,2,Grandview (Hillsboro),0
2018-10-06,Tipton,0,Green Ridge,2
2018-10-06,Windsor,2,Green Ridge,0
2018-10-06,Smithton,0,Green Ridge,2
2018-10-06,Plato,1,Greenfield,1
2018-10-06,Conway,2,Greenfield,0
2018-10-06,Ash Grove,2,Greenfield,0
2018-10-06,Everton,0,Greenfield,2
2018-10-06,Crossroads College Preparatory,2,Hazelwood East,0
2018-10-06,Cardinal Ritter,0,Hazelwood East,2
2018-10-06,Ritenour,2,Hazelwood East,0
2018-10-06,University City,0,Hazelwood East,2
2018-10-06,Valley,0,Herculaneum,2
2018-10-06,West County,0,Herculaneum,2
2018-10-06,Lebanon,2,Hermann,0
2018-10-06,Hickman,0,Hermann,2
2018-10-06,Fatima,0,Hermann,2
2018-10-06,Marshfield,0,Hermann,2
2018-10-06,Lebanon,0,Hickman,2
2018-10-06,Fatima,2,Hickman,0
2018-10-06,Bloomfield,0,Hillsboro,2
2018-10-06,Holt,0,Hillsboro,2
2018-10-06,Sikeston,0,Hillsboro,2
2018-10-06,Drexel,0,Holden,2
2018-10-06,West Platte,2,Holden,0
2018-10-06,Sherwood,1,Holden,1
2018-10-06,Lakeland,2,Holden,0
2018-10-06,Northland Christian,1,Holden,1
2018-10-06,Reeds Spring,2,Hollister,0
2018-10-06,Branson,2,Hollister,0
2018-10-06,Clever,2,Hollister,0
2018-10-06,Perryville,2,Holt,1
2018-10-06,Willow Springs,0,Houston,2
2018-10-06,Licking,2,Houston,0
2018-10-06,Lesterville,0,Jackson,2
2018-10-06,Arcadia Valley,2,Jackson,0
2018-10-06,Bloomfield,0,Jackson,2
2018-10-06,Hillsboro,2,Jackson,0
2018-10-06,Marshfield,1,Jefferson City,1
2018-10-06,Lebanon,2,Jefferson City,0
2018-10-06,Fatima,2,Jefferson City,0
2018-10-06,McCluer,0,Jennings,2
2018-10-06,Crossroads College Preparatory,1,Jennings,1
2018-10-06,Metro,1,Jennings,1
2018-10-06,Ritenour,2,Jennings,0
2018-10-06,Lift for Life Academy Charter,0,John Burroughs,2
2018-10-06,Seneca,0,Joplin,2
2018-10-06,Neosho,1,Joplin,1
2018-10-06,Webb City,2,Joplin,1
2018-10-06,Bunker,2,Kingston,0
2018-10-06,South Iron,1,Kingston,2
2018-10-06,West Platte,2,Knob Noster,0
2018-10-06,Lakeland,2,Knob Noster,0
2018-10-06,Drexel,0,Knob Noster,2
2018-10-06,Sherwood,2,Knob Noster,1
2018-10-06,Windsor,2,La Monte,0
2018-10-06,Otterville,2,La Monte,1
2018-10-06,Benton,1,Lafayette (St. Joseph),1
2018-10-06,Bishop LeBlond,2,Lafayette (St. Joseph),0
2018-10-06,West Platte,2,Lakeland,0
2018-10-06,Northland Christian,2,Lakeland,0
2018-10-06,Sarcoxie,2,Lamar,0
2018-10-06,Webb City,2,Lamar,0
2018-10-06,Wright City,0,Liberty (Mountain View),2
2018-10-06,Licking,0,Liberty (Mountain View),2
2018-10-06,Willow Springs,0,Licking,2
2018-10-06,Sacred Heart,2,Lincoln,0
2018-10-06,Smithton,2,Lincoln,0
2018-10-06,Sarcoxie,0,Linn,2
2018-10-06,Willard,2,Logan-Rogersville,1
2018-10-06,Rolla,0,Logan-Rogersville,2
2018-10-06,Mountain Grove,0,Logan-Rogersville,2
2018-10-06,Fair Grove,0,Logan-Rogersville,2
2018-10-06,St. Paul Lutheran (Concordia),1,Lone Jack,1
2018-10-06,Santa Fe,2,Lone Jack,0
2018-10-06,Union,2,Marionville,0
2018-10-06,Pleasant Hope,0,Marionville,2
2018-10-06,Fatima,1,Marshfield,1
2018-10-06,Lebanon,1,Marshfield,2
2018-10-06,Pembroke Hill,1,Maryville,1
2018-10-06,Bishop LeBlond,1,Maryville,1
2018-10-06,Cameron,1,Maryville,1
2018-10-06,Benton,0,Maryville,2
2018-10-06,Crossroads College Preparatory,2,McCluer,0
2018-10-06,Metro,2,McCluer,0
2018-10-06,University City,2,McCluer,0
2018-10-06,Mt. Vernon,2,McDonald County,0
2018-10-06,Pierce City,2,McDonald County,0
2018-10-06,West Plains,2,McDonald County,0
2018-10-06,St. Vincent,0,Mehlville,2
2018-10-06,Arcadia Valley,0,Mehlville,2
2018-10-06,Perryville,0,Mehlville,2
2018-10-06,Bloomfield,0,Mehlville,2
2018-10-06,Crossroads College Preparatory,2,Metro,0
2018-10-06,Cardinal Ritter,0,Metro,2
2018-10-06,University City,1,Metro,2
2018-10-06,Pierce City,0,Mt. Vernon,2
2018-10-06,Branson,1,Mt. Vernon,2
2018-10-06,Pleasant Hope,2,Niangua,0
2018-10-06,Sarcoxie,0,North Callaway,2
2018-10-06,Dixon,1,North Callaway,1
2018-10-06,Linn,2,North Callaway,0
2018-10-06,Jefferson (Festus),1,Northwest (Cedar Hill),2
2018-10-06,Parkway North,0,Northwest (Cedar Hill),2
2018-10-06,Seckman,0,Northwest (Cedar Hill),2
2018-10-06,Willard,2,Northwest (Hughesville),1
2018-10-06,Pacific,2,Orchard Farm,1
2018-10-06,Wellington-Napoleon,2,Orrick,0
2018-10-06,St. Paul Lutheran (Concordia),2,Orrick,0
2018-10-06,Santa Fe,2,Orrick,0
2018-10-06,Smithton,2,Otterville,0
2018-10-06,Tipton,2,Otterville,0
2018-10-06,Blair Oaks,2,Owensville,0
2018-10-06,Calvary Lutheran,2,Owensville,0
2018-10-06,St. Joseph's Academy,0,Ozark,2
2018-10-06,Warrenton,2,Pacific,1
2018-10-06,Timberland,1,Parkway Central,1
2018-10-06,Lutheran South,1,Parkway Central,1
2018-10-06,Troy Buchanan,0,Parkway Central,2
2018-10-06,Jefferson (Festus),2,Parkway North,0
2018-10-06,Seckman,2,Parkway North,0
2018-10-06,Union,0,Plato,2
2018-10-06,Union,2,Pleasant Hope,0
2018-10-06,Perryville,2,Poplar Bluff,0
2018-10-06,Lesterville,0,Poplar Bluff,2
2018-10-06,St. Vincent,2,Poplar Bluff,0
2018-10-06,Clever,2,Reeds Spring,0
2018-10-06,Branson,2,Reeds Spring,0
2018-10-06,Crossroads College Preparatory,2,Ritenour,1
2018-10-06,Cardinal Ritter,0,Ritenour,2
2018-10-06,University City,0,Ritenour,2
2018-10-06,Troy Buchanan,1,Rockwood Summit,1
2018-10-06,Webb City,0,Rockwood Summit,2
2018-10-06,Timberland,1,Rockwood Summit,2
2018-10-06,Winona,0,Rolla,2
2018-10-06,Stockton,0,Rolla,2
2018-10-06,Willard,2,Rolla,0
2018-10-06,Fair Grove,2,Rolla,0
2018-10-06,Liberty (Mountain View),2,Salem,0
2018-10-06,Wright City,2,Salem,0
2018-10-06,Warsaw,0,Salem,2
2018-10-06,Wellington-Napoleon,0,Santa Fe,2
2018-10-06,St. Paul Lutheran (Concordia),0,Santa Fe,2
2018-10-06,Neosho,0,Seneca,2
2018-10-06,Northland Christian,2,Sherwood,0
2018-10-06,Lesterville,2,Sikeston,0
2018-10-06,St. Vincent,2,Sikeston,0
2018-10-06,Holt,2,Sikeston,0
2018-10-06,Valley,2,South Iron,0
2018-10-06,West County,2,South Iron,0
2018-10-06,Owensville,2,Southern Boone,0
2018-10-06,Fulton,0,Southern Boone,2
2018-10-06,Blair Oaks,2,Southern Boone,0
2018-10-06,Eldon,0,Southern Boone,2
2018-10-06,Willow Springs,1,St. Charles,1
2018-10-06,Houston,1,St. Charles,1
2018-10-06,Licking,2,St. Charles,0
2018-10-06,Eminence,0,St. Charles,2
2018-10-06,Liberty (Mountain View),2,St. Charles,0
2018-10-06,Warrenton,1,St. Clair,1
2018-10-06,Cuba,0,St. Clair,2
2018-10-06,Waynesville,0,St. Clair,2
2018-10-06,Union,0,St. Clair,2
2018-10-06,St. James,1,St. Clair,2
2018-10-06,Orchard Farm,0,St. Clair,2
2018-10-06,Pacific,2,St. James,0
2018-10-06,Cuba,0,St. James,2
2018-10-06,Orchard Farm,3,St. James,0
2018-10-06,Grandview,2,St. James,0
2018-10-06,St. Teresa's Academy,2,St. Joseph's Academy,1
2018-10-06,Liberty (Mountain View),2,Warsaw,0
2018-10-06,Wright City,1,Warsaw,1
2018-10-06,Winona,0,Stockton,2
2018-10-06,Sacred Heart,2,Willard,0
2018-10-06,Tipton,0,Willard,2
2018-10-06,Troy Buchanan,2,Webb City,0
2018-10-06,Lutheran South,1,Timberland,2
2018-10-06,Warrenton,2,Union,0
2018-10-06,Waynesville,2,Union,0
2018-10-06,Cuba,0,Union,2
2018-10-06,Pacific,2,Union,1
2018-10-06,Cardinal Ritter,0,University City,2
2018-10-06,Warrenton,2,Waynesville,0
2018-10-06,Cuba,1,Waynesville,1
2018-10-06,Sarcoxie,0,Webb City,2
2018-10-06,St. Paul Lutheran (Concordia),2,Wellington-Napoleon,0
2018-10-06,Mt. Vernon,2,West Plains,0
2018-10-06,Branson,2,West Plains,0
2018-10-06,Clever,2,West Plains,0
2018-10-06,Pierce City,0,West Plains,2
2018-10-06,Northland Christian,0,West Platte,2
2018-10-06,Winona,0,Willard,2
2018-10-06,Stockton,0,Willard,2
2018-10-06,Fair Grove,0,Willard,2
2018-10-06,Sacred Heart,2,Windsor,0
2018-10-08,Bernie,0,Advance,2
2018-10-08,Bloomfield,0,Advance,2
2018-10-08,Dexter,1,Advance,1
2018-10-08,Miami (Amoret),2,Ballard,1
2018-10-08,Gateway Science Charter,0,Bayless,2
2018-10-08,Bloomfield,0,Bernie,2
2018-10-08,Owensville,0,Blair Oaks,2
2018-10-08,Billings,2,Blue Eye,1
2018-10-08,Centralia,2,Bowling Green,0
2018-10-08,Greenville,2,Bunker,1
2018-10-08,Sherwood,0,Butler,2
2018-10-08,Richmond,0,Cameron,2
2018-10-08,St. Dominic,2,Cardinal Ritter,0
2018-10-08,Farmington,2,Central (Cape Girardeau),0
2018-10-08,Cristo Rey,1,Central (Kansas City),2
2018-10-08,Republic,2,Central (Springfield),0
2018-10-08,Springfield Catholic,0,Crane,2
2018-10-08,Principia,0,Crossroads College Preparatory,2
2018-10-08,West County,2,Crystal City,0
2018-10-08,Warsaw,1,Cuba,2
2018-10-08,Hancock,0,DeSoto,2
2018-10-08,Bernie,1,Dexter,1
2018-10-08,Bloomfield,0,Dexter,2
2018-10-08,Houston,2,Dixon,0
2018-10-08,Thayer,1,Doniphan,2
2018-10-08,Willard,0,Eldon,2
2018-10-08,Marionville,1,Forsyth,2
2018-10-08,Kirkwood,0,Francis Howell,2
2018-10-08,Liberal,2,Golden City,0
2018-10-08,Battle,0,Hannibal,2
2018-10-08,Clayton,2,Hazelwood Central,0
2018-10-08,Jennings,0,Hazelwood East,2
2018-10-08,Helias Catholic,0,Hermann,2
2018-10-08,Nerinx Hall,0,Incarnate Word Academy,2
2018-10-08,Sikeston,0,Kennett,2
2018-10-08,Carrollton,2,Knob Noster,0
2018-10-08,Skyline,2,Lakeland,0
2018-10-08,Neosho,1,Lamar,2
2018-10-08,North County,2,Lesterville,1
2018-10-08,Liberty (Mountain View),2,Licking,0
2018-10-08,East (Kansas City),0,Lincoln College Prep,2
2018-10-08,St. Joseph's Academy,2,Lutheran St. Charles,0
2018-10-08,Lindbergh,0,Marquette,2
2018-10-08,Plattsburg,0,Maryville,2
2018-10-08,University City,0,McCluer,2
2018-10-08,Maplewood-Richmond Hts.,2,McCluer South-Berkeley,0
2018-10-08,Sheldon,2,Miami (Amoret),1
2018-10-08,Hallsville,0,Montgomery County,2
2018-10-08,Marshfield,2,Mountain Grove,0
2018-10-08,Linn,0,New Haven,2
2018-10-08,Chadwick,0,Niangua,2
2018-10-08,Bishop DuBourg,0,Notre Dame (St. Louis),2
2018-10-08,Summit Christian Academy,0,Oak Grove,2
2018-10-08,Leopold,2,Oak Ridge,0
2018-10-08,Bolivar,0,Osage,2
2018-10-08,Stockton,2,Osceola,0
2018-10-08,Calhoun,0,Otterville,2
2018-10-08,Oak Park,0,Park Hill South,2
2018-10-08,Lafayette (Wildwood),2,Parkway West,0
2018-10-08,Northwest (Cedar Hill),2,Pattonville,0
2018-10-08,Chillicothe,2,Penney,0
2018-10-08,Hurley,2,Pleasant Hope,0
2018-10-08,St. Charles,2,Raytown,0
2018-10-08,Ft. Zumwalt East,2,Ritenour,0
2018-10-08,Normandy Collaborative,0,Riverview Gardens,2
2018-10-08,Eugene,2,Sarcoxie,0
2018-10-08,Plato,0,Salem,2
2018-10-08,Lafayette (St. Joseph),2,Savannah,0
2018-10-08,Windsor (Imperial),1,Seckman,2
2018-10-08,Ballard,0,Sheldon,2
2018-10-08,Center,0,Savannah,2
2018-10-08,Valley,1,South Iron,2
2018-10-08,Hogan Prep Academy Charter,2,Southeast,0
2018-10-08,Versailles,0,Southern Boone,2
2018-10-08,New Covenant Academy,2,Union,0
2018-10-08,Liberty (Wentzville),0,St. Charles,2
2018-10-08,Belle,0,St. James,2
2018-10-08,St. James,0,St. Joseph Christian,2
2018-10-08,Cole Camp,2,St. Paul Lutheran (Concordia),0
2018-10-08,Lexington,2,Trenton,0
2018-10-08,Jackson,0,Ursuline Academy,2
2018-10-08,Ste. Genevieve,2,Valle Catholic,1
2018-10-08,Greenfield,2,Verona,1
2018-10-08,St. Pius X (Kansas City),2,Warrensburg,0
2018-10-08,Mexico,0,Warrenton,2
2018-10-08,El Dorado Springs,2,Warsaw,0
2018-10-08,Lathrop,0,Wellington-Napoleon,2
2018-10-08,Concordia,0,Windsor,2
2018-10-08,Wright City,0,Winfield,2
2018-10-09,Bismarck,0,Arcadia Valley,2
2018-10-09,Osceola,2,Archie,1
2018-10-09,Marionville,0,Ash Grove,2
2018-10-09,Mt. Vernon,0,Aurora,2
2018-10-09,Salem,0,Ava,2
2018-10-09,Hancock,2,Bayless,0
2018-10-09,Woodland,2,Bell City,0
2018-10-09,Richland (Essex),2,Bell City,0
2018-10-09,Puxico,2,Bell City,0
2018-10-09,Fort Osage,0,Belton,2
2018-10-09,Northland Christian,0,Benton,2
2018-10-09,School of the Ozarks,2,Billings,1
2018-10-09,Trenton,0,Bishop LeBlond,2
2018-10-09,Lee's Summit West,0,Blue Springs,2
2018-10-09,Raymore-Peculiar,0,Blue Springs South,2
2018-10-09,Buffalo,2,Bolivar,1
2018-10-09,Versailles,1,Boonville,2
2018-10-09,Forsyth,2,Bradleyville,0
2018-10-09,Valley Park,1,Brentwood,2
2018-10-09,Thomas Jefferson Independent Day,2,Bronaugh,0
2018-10-09,Thayer,0,Cabool,2
2018-10-09,Kingsville,2,Calhoun,0
2018-10-09,Fatima,2,California,0
2018-10-09,Montgomery County,0,Calvary Lutheran,2
2018-10-09,Joplin,0,Carl Junction,2
2018-10-09,Branson,0,Carthage,2
2018-10-09,Senath-Hornersville,0,Caruthersville,2
2018-10-09,Monett,0,Cassville,2
2018-10-09,Ste. Genevieve,1,Central (Park Hills),2
2018-10-09,Kirksville,2,Centralia,0
2018-10-09,Oran,1,Charleston,2
2018-10-09,Delta (Deering),0,Clarkton,2
2018-10-09,Savannah,1,Clinton,2
2018-10-09,Willard,0,Cole Camp,2
2018-10-09,Lone Jack,0,Crest Ridge,2
2018-10-09,Maplewood-Richmond Hts.,2,Crossroads College Preparatory,1
2018-10-09,St. Pius X (Festus),2,Crystal City,0
2018-10-09,Pleasant Hope,0,Diamond,2
2018-10-09,El Dorado Springs,2,Eldon,0
2018-10-09,Eminence,2,Ellington,0
2018-10-09,Chadwick,2,Everton,1
2018-10-09,Oak Grove,1,Excelsior Springs,2
2018-10-09,McAuley Catholic,2,Exeter,0
2018-10-09,Fredericktown,0,Farmington,2
2018-10-09,St. Joseph's Academy,2,Father Tolton,0
2018-10-09,St. Vincent,0,Festus,2
2018-10-09,Spokane,1,Fordland,2
2018-10-09,Francis Howell,0,Francis Howell North,2
2018-10-09,Liberty (Wentzville),0,Ft. Zumwalt North,2
2018-10-09,Hurley,2,Galena,0
2018-10-09,Lebanon,2,Glendale,1
2018-10-09,Sparta,0,Grain Valley,2
2018-10-09,Niangua,0,Greenfield,2
2018-10-09,Fulton,0,Hallsville,2
2018-10-09,Pleasant Hill,2,Harrisonville,0
2018-10-09,Campbell,2,Hayti,0
2018-10-09,Jefferson City,0,Helias Catholic,2
2018-10-09,Southland,2,Holcomb,0
2018-10-09,Francis Howell Central,2,Holt,0
2018-10-09,St. Dominic,0,Incarnate Word Academy,2
2018-10-09,Hillsboro,1,Jefferson (Festus),2
2018-10-09,Whitfield,0,John Burroughs,2
2018-10-09,Central (Springfield),0,Kickapoo,2
2018-10-09,Cor Jesu Academy,2,Kirkwood,0
2018-10-09,Sacred Heart,2,La Monte,0
2018-10-09,Rockwood Summit,2,Ladue Horton Watkins,1
2018-10-09,Drexel,0,Lakeland,2
2018-10-09,Lawson,2,Lathrop,1
2018-10-09,Staley,0,Lee's Summit,2
2018-10-09,Viburnum,0,Lesterville,2
2018-10-09,Holden,1,Lexington,2
2018-10-09,Midway,3,Liberal,0
2018-10-09,Central (St. Joseph),0,Liberty,2
2018-10-09,Park Hill South,2,Liberty North,0
2018-10-09,Pembroke Hill,2,Lincoln College Prep,0
2018-10-09,Eureka,2,Lindbergh,1
2018-10-09,Miller,2,Lockwood,0
2018-10-09,Lutheran South,2,Lutheran North,0
2018-10-09,Hazelwood Central,2,McCluer North,1
2018-10-09,Parkway North,0,Mehlville,2
2018-10-09,Brookfield,0,Mexico,2
2018-10-09,Columbia Independent,3,Missouri School for the Deaf,1
2018-10-09,Liberty (Mountain View),2,Mountain Grove,0
2018-10-09,Webb City,2,Neosho,0
2018-10-09,Lamar,0,Nevada,2
2018-10-09,Webb City,2,New Haven,0
2018-10-09,Purdy,1,New Heights Christian,2
2018-10-09,Republic,0,Nixa,2
2018-10-09,Miller Career Academy,2,Normandy Collaborative,0
2018-10-09,Bowling Green,2,North Callaway,0
2018-10-09,William Chrisman,2,North Kansas City,0
2018-10-09,Mid-Buchanan,2,North Platte,0
2018-10-09,Hume,2,Northeast Vernon County,0
2018-10-09,Oakville,0,Northwest (Cedar Hill),2
2018-10-09,Central (Cape Girardeau),0,Notre Dame (Cape Girardeau),2
2018-10-09,Warrensburg,2,Odessa,0
2018-10-09,St. Charles West,0,Orchard Farm,2
2018-10-09,Lincoln,2,Otterville,0
2018-10-09,Owensville,1,Pacific,2
2018-10-09,Parkway South,0,Parkway Central,2
2018-10-09,Lafayette (Wildwood),2,Parkway West,0
2018-10-09,Sarcoxie,2,Pierce City,0
2018-10-09,Wright City,2,Plato,1
2018-10-09,East Buchanan,0,Plattsburg,2
2018-10-09,Winona,1,Poplar Bluff,2
2018-10-09,Summersville,1,Portageville,2
2018-10-09,North County,2,Potosi,0
2018-10-09,Woodland,1,Puxico,1
2018-10-09,Richland (Essex),0,Puxico,2
2018-10-09,Ruskin,0,Raytown,2
2018-10-09,Grandview,0,Raytown South,2
2018-10-09,Logan-Rogersville,2,Reeds Spring,0
2018-10-09,Jasper,1,Rich Hill,2
2018-10-09,Woodland,1,Richland (Essex),1
2018-10-09,Lafayette County,2,Richmond,0
2018-10-09,St. James,0,Rock Port,2
2018-10-09,Hillcrest,0,Rolla,2
2018-10-09,Meadow Heights,0,Saxony Lutheran,2
2018-10-09,Central (New Madrid County),0,Seneca,2
2018-10-09,East Newton,0,Seneca,2
2018-10-09,Warsaw,0,Sherwood,2
2018-10-09,Green Ridge,1,Smithton,2
2018-10-09,Ewing Marion Kauffman,2,Southeast,1
2018-10-09,Hollister,2,Springfield Catholic,1
2018-10-09,Hermann,2,St. Clair,0
2018-10-09,Union,2,St. James,1
2018-10-09,South Harrison,0,St. Joseph Christian,2
2018-10-09,Villa Duchesne,0,St. Joseph's Academy,2
2018-10-09,Grandview (Hillsboro),2,St. Paul Lutheran (Farmington),0
2018-10-09,Bourbon,0,Warsaw,2
2018-10-09,Clever,2,Stockton,0
2018-10-09,Conway,0,Winona,2
2018-10-09,Ft. Zumwalt South,1,Timberland,2
2018-10-09,Windsor,2,Tipton,0
2018-10-09,Ft. Zumwalt West,0,Troy Buchanan,2
2018-10-09,Clearwater,2,St. Clair,0
2018-10-09,Kingston,0,Valle Catholic,2
2018-10-09,West County,2,Valley,0
2018-10-09,Lutheran St. Charles,0,Veritas Christian Academy,2
2018-10-09,Nerinx Hall,0,Visitation Academy,2
2018-10-09,St. Charles,0,Warrenton,2
2018-10-09,Ft. Zumwalt East,0,Washington,2
2018-10-09,Camdenton,2,Waynesville,0
2018-10-09,Marquette,2,Webster Groves,0
2018-10-09,St. Paul Lutheran (Concordia),2,Wellington-Napoleon,1
2018-10-09,Parkview,2,West Plains,0
2018-10-09,Penney,0,West Platte,2
2018-10-09,MICDS,1,Westminster Christian Academy,2
2018-10-09,Golden City,0,Wheaton,2
2018-10-09,Ozark,2,Willard,0
2018-10-09,Houston,1,Willow Springs,2
2018-10-09,Kearney,2,Winnetonka,0
2018-10-10,Rock Bridge,2,Battle,0
2018-10-10,Smithton,2,Bunceton,0
2018-10-10,Bishop LeBlond,2,Cameron,0
2018-10-10,Campbell,2,Caruthersville,0
2018-10-10,Hazelwood West,2,Clayton,1
2018-10-10,North Pemiscot,0,Cooter,2
2018-10-10,Affton,0,Fox,2
2018-10-10,Lindbergh,2,Hillsboro,1
2018-10-10,Southland,2,Holcomb,0
2018-10-10,Collegiate School of Med-Bio Science,1,Lift for Life Academy Charter,2
2018-10-10,Portageville,1,Malden,2
2018-10-10,Jennings,1,Maplewood-Richmond Hts.,2
2018-10-10,Trinity Catholic,2,McCluer North,0
2018-10-10,Oakville,2,Mehlville,1
2018-10-10,Springfield Catholic,2,Metro,0
2018-10-10,Riverview Gardens,2,North County,0
2018-10-10,Riverview Gardens,2,North Technical,0
2018-10-10,Troy Buchanan,2,Parkway North,0
2018-10-10,Parkway South,0,Parkway West,2
2018-10-10,Ritenour,0,Pattonville,2
2018-10-10,St. Vincent,0,Perryville,2
2018-10-10,Windsor (Imperial),2,Potosi,0
2018-10-10,Versailles,0,Raytown,2
2018-10-10,Jackson,2,Seneca,1
2018-10-10,Hazelwood Central,0,Seckman,2
2018-10-10,Duchesne,1,St. Charles West,2
2018-10-10,Villa Duchesne,2,St. Pius X (Festus),1
2018-10-10,Winfield,1,Warrenton,2
2018-10-11,Bell City,0,Advance,2
2018-10-11,Lockwood,0,Ash Grove,2
2018-10-11,Cabool,2,Ava,0
2018-10-11,Chilhowee,2,Ballard,1
2018-10-11,Licking,2,Belle,0
2018-10-11,Oak Park,2,Belton,0
2018-10-11,Woodland,0,Bernie,2
2018-10-11,Duchesne,2,Bishop DuBourg,0
2018-10-11,Rock Bridge,0,Blair Oaks,2
2018-10-11,Puxico,0,Bloomfield,2
2018-10-11,Purdy,0,Blue Eye,1
2018-10-11,Dixon,0,Bourbon,2
2018-10-11,Wright City,2,Bowling Green,1
2018-10-11,Everton,0,Bradleyville,2
2018-10-11,Carl Junction,2,Branson,0
2018-10-11,Lutheran North,2,Brentwood,0
2018-10-11,Northeast Vernon County,2,Bronaugh,0
2018-10-11,North Callaway,2,Brookfield,1
2018-10-11,Clinton,0,Butler,2
2018-10-11,Bishop LeBlond,2,Cameron,0
2018-10-11,McKinley Classical Leadership,1,Carnahan,1
2018-10-11,Richmond,2,Carrollton,0
2018-10-11,Grandview,2,Center,0
2018-10-11,Sikeston,2,Central (New Madrid County),0
2018-10-11,Saxony Lutheran,0,Central (Park Hills),2
2018-10-11,Parkview,2,Central (Springfield),0
2018-10-11,Maryville,2,Chillicothe,0
2018-10-11,Southland,0,Clarkton,2
2018-10-11,Bismarck,0,Clearwater,2
2018-10-11,Forsyth,0,Clever,2
2018-10-11,Santa Fe,2,Concordia,0
2018-10-11,Jefferson (Festus),2,DeSoto,1
2018-10-11,Richland (Essex),0,Dexter,2
2018-10-11,Archie,2,Drexel,0
2018-10-11,Monett,2,East Newton,1
2018-10-11,Stockton,0,El Dorado Springs,2
2018-10-11,Doniphan,1,Ellington,2
2018-10-11,Harrisonville,0,Excelsior Springs,2
2018-10-11,Logan-Rogersville,2,Fair Grove,0
2018-10-11,Notre Dame (Cape Girardeau),0,Festus,2
2018-10-11,Northwest (Cedar Hill),2,Fox,0
2018-10-11,Timberland,2,Francis Howell Central,0
2018-10-11,Francis Howell North,2,Ft. Zumwalt North,0
2018-10-11,Collegiate School of Med-Bio Science,2,Gateway,0
2018-10-11,Cardinal Ritter,1,Gateway Science Charter,2
2018-10-11,Kickapoo,2,Glendale,0
2018-10-11,Warsaw,0,Grandview (Hillsboro),2
2018-10-11,Southern Boone,2,Hallsville,0
2018-10-11,Fulton,0,Hannibal,2
2018-10-11,West Plains,2,Hillcrest,0
2018-10-11,Mt. Vernon,2,Hollister,0
2018-10-11,Ft. Zumwalt South,1,Holt,2
2018-10-11,Miami (Amoret),0,Hume,2
2018-10-11,Ste. Genevieve,1,Jackson,2
2018-10-11,Adrian,2,Jasper,0
2018-10-11,Hickman,1,Jefferson City,2
2018-10-11,Riverview Gardens,1,Jennings,2
2018-10-11,Clayton,0,John Burroughs,2
2018-10-11,Raytown South,0,Kearney,2
2018-10-11,St. Paul Lutheran (Farmington),2,Kingston,0
2018-10-11,Wellington-Napoleon,1,Kingsville,0
2018-10-11,Lexington,2,Knob Noster,1
2018-10-11,Columbia Independent,0,La Monte,2
2018-10-11,Benton,1,Lafayette (St. Joseph),2
2018-10-11,Holden,1,Lafayette County,2
2018-10-11,McAuley Catholic,1,Lamar,2
2018-10-11,East Buchanan,0,Lathrop,2
2018-10-11,West Platte,2,Lawson,0
2018-10-11,Camdenton,0,Lebanon,2
2018-10-11,Lee's Summit West,2,Lee's Summit,0
2018-10-11,Blue Springs South,2,Lee's Summit North,1
2018-10-11,Rich Hill,1,Liberal,2
2018-10-11,Liberty North,0,Liberty,2
2018-10-11,Willow Springs,0,Liberty (Mountain View),2
2018-10-11,North Technical,0,Lift for Life Academy Charter,2
2018-10-11,Green Ridge,1,Lincoln,2
2018-10-11,Hogan Prep Academy Charter,0,Lincoln College Prep,2
2018-10-11,Mehlville,2,Lindbergh,0
2018-10-11,Incarnate Word Academy,0,Lutheran South,2
2018-10-11,Notre Dame (St. Louis),0,Lutheran St. Charles,2
2018-10-11,Campbell,2,Malden,0
2018-10-11,Pierce City,2,Marionville,1
2018-10-11,Greenville,2,Marquand-Zion,0
2018-10-11,Mexico,0,Marshall,2
2018-10-11,McCluer North,2,McCluer,0
2018-10-11,Normandy Collaborative,0,McCluer South-Berkeley,2
2018-10-11,Waynesville,0,Metro,2
2018-10-11,Miller Career Academy,0,Metro,2
2018-10-11,Penney,0,Mid-Buchanan,2
2018-10-11,West Plains,0,Miller Career Academy,2
2018-10-11,Thayer,0,Mountain Grove,2
2018-10-11,Cassville,0,Nevada,2
2018-10-11,St. James,0,New Haven,2
2018-10-11,Neosho,0,Nixa,2
2018-10-11,Southeast,0,Northeast (Kansas City),2
2018-10-11,Cole Camp,2,Northwest (Hughesville),0
2018-10-11,Barstow,2,Notre Dame de Sion,1
2018-10-11,Odessa,1,Oak Grove,2
2018-10-11,Lone Jack,2,Orrick,0
2018-10-11,California,2,Osage,0
2018-10-11,Lakeland,0,Osceola,2
2018-10-11,Windsor,2,Otterville,0
2018-10-11,Hermann,2,Owensville,0
2018-10-11,Carthage,0,Ozark,2
2018-10-11,Blue Springs,2,Park Hill,1
2018-10-11,St. Charles,0,Park Hill South,2
2018-10-11,Parkway Central,1,Pattonville,2
2018-10-11,Grain Valley,0,Platte County,2
2018-10-11,North Platte,0,Plattsburg,2
2018-10-11,Warrensburg,0,Pleasant Hill,2
2018-10-11,Miller,2,Pleasant Hope,0
2018-10-11,Eminence,0,Poplar Bluff,2
2018-10-11,Pembroke Hill,0,Raymore-Peculiar,2
2018-10-11,Aurora,2,Reeds Spring,0
2018-10-11,Webb City,2,Republic,0
2018-10-11,Eureka,2,Rockwood Summit,1
2018-10-11,Collegiate School of Med-Bio Science,2,Roosevelt,0
2018-10-11,Veritas Christian Academy,2,Springfield Catholic,0
2018-10-11,North Kansas City,2,Ruskin,0
2018-10-11,Fatima,2,Sarcoxie,0
2018-10-11,Tipton,0,Sacred Heart,2
2018-10-11,Houston,2,Salem,0
2018-10-11,Diamond,0,Sarcoxie,2
2018-10-11,St. Pius X (Kansas City),2,Savannah,0
2018-10-11,McDonald County,0,Seneca,2
2018-10-11,Boonville,1,Savannah,2
2018-10-11,Willard,1,Smithton,2
2018-10-11,Winnetonka,2,Sparta,1
2018-10-11,Waynesville,2,Soldan International Studies,0
2018-10-11,Crane,2,Union,0
2018-10-11,Billings,2,Spokane,0
2018-10-11,Marshfield,2,Springfield Catholic,0
2018-10-11,Liberty (Wentzville),0,St. Charles,2
2018-10-11,St. Joseph's Academy,1,St. Dominic,2
2018-10-11,Crest Ridge,2,St. Paul Lutheran (Concordia),1
2018-10-11,Central (St. Joseph),0,Staley,2
2018-10-11,Skyline,0,Winona,2
2018-10-11,Pacific,1,Webb City,2
2018-10-11,Transportation and Law,0,West Plains,2
2018-10-11,New Covenant Academy,2,Thomas Jefferson Independent Day,0
2018-10-11,MICDS,2,Trinity Catholic,1
2018-10-11,Kennett,2,St. Clair,0
2018-10-11,St. Clair,2,Union,0
2018-10-11,Hazelwood East,2,University City,1
2018-10-11,Potosi,0,Valle Catholic,2
2018-10-11,Herculaneum,2,Valley Park,1
2018-10-11,Bunker,0,Viburnum,2
2018-10-11,Ursuline Academy,2,Visitation Academy,0
2018-10-11,Rolla,2,Waynesville,0
2018-10-11,Parkway South,0,Webster Groves,2
2018-10-11,Ladue Horton Watkins,2,Westminster Christian Academy,0
2018-10-11,New Heights Christian,2,Wheaton,1
2018-10-11,Joplin,0,Willard,2
2018-10-11,Fort Osage,0,William Chrisman,2
2018-10-11,North County,2,Windsor (Imperial),1
2018-10-11,Ft. Zumwalt East,1,Winfield,2
2018-10-11,Wright City,1,Winona,2
2018-10-12,Bloomfield,0,Advance,2
2018-10-12,Dexter,1,Advance,2
2018-10-12,South Iron,2,Bismarck,1
2018-10-12,Wheaton,2,Chadwick,0
2018-10-12,Bernie,1,Dexter,2
2018-10-12,Francis Howell,2,Eureka,0
2018-10-12,Parkway North,1,Fox,2
2018-10-12,Miller Career Academy,2,Gateway,1
2018-10-12,Lesterville,0,Leopold,2
2018-10-12,Eugene,2,Linn,1
2018-10-12,Brentwood,0,Maplewood-Richmond Hts.,2
2018-10-12,Meadow Heights,2,Marquand-Zion,0
2018-10-12,Oak Ridge,2,Marquand-Zion,0
2018-10-12,Zalma,2,Marquand-Zion,0
2018-10-12,Orchard Farm,2,McCluer North,0
2018-10-12,Principia,2,McCluer North,0
2018-10-12,Wright City,0,McCluer North,2
2018-10-12,Oak Ridge,2,Meadow Heights,0
2018-10-12,Zalma,1,Meadow Heights,1
2018-10-12,Collegiate School of Med-Bio Science,0,Metro,2
2018-10-12,Zalma,0,Oak Ridge,2
2018-10-12,Principia,0,Orchard Farm,2
2018-10-12,Wright City,0,Orchard Farm,2
2018-10-12,Parkway West,2,Rockwood Summit,1
2018-10-12,Oran,0,Saxony Lutheran,2
2018-10-12,Exeter,0,Southwest (Washburn),2
2018-10-12,Hancock,0,Valley Park,2
2018-10-12,McKinley Classical Leadership,0,Waynesville,2
2018-10-12,Whitfield,0,Windsor (Imperial),2
2018-10-13,Miller,2,Ava,0
2018-10-13,Salem,0,Ava,2
2018-10-13,Billings,2,Ava,0
2018-10-13,Union,1,Ava,2
2018-10-13,Miami (Amoret),0,Ballard,2
2018-10-13,Hume,2,Ballard,0
2018-10-13,Northeast Vernon County,2,Ballard,0
2018-10-13,Raytown,0,Belton,2
2018-10-13,Notre Dame de Sion,0,Belton,2
2018-10-13,St. Pius X (Kansas City),2,Belton,0
2018-10-13,Grain Valley,1,Belton,2
2018-10-13,Pleasant Hill,2,Belton,0
2018-10-13,Fordland,0,Billings,2
2018-10-13,Union,0,Billings,2
2018-10-13,Miller,2,Billings,1
2018-10-13,Winona,2,Blue Eye,0
2018-10-13,Thayer,2,Blue Eye,0
2018-10-13,Galena,0,Blue Eye,2
2018-10-13,Lee's Summit,0,Blue Springs,2
2018-10-13,Osceola,1,Bolivar,1
2018-10-13,Linn,1,Bourbon,1
2018-10-13,Confluence Prep Academy Charter,0,Bourbon,2
2018-10-13,School of the Ozarks,2,Bradleyville,0
2018-10-13,Everton,0,Bradleyville,2
2018-10-13,Hurley,2,Bradleyville,0
2018-10-13,Sheldon,2,Bronaugh,0
2018-10-13,Osceola,0,Butler,2
2018-10-13,Nixa,2,Carl Junction,0
2018-10-13,Helias Catholic,2,Carl Junction,0
2018-10-13,Veritas Christian Academy,1,Carl Junction,1
2018-10-13,Niangua,0,Chadwick,2
2018-10-13,School of the Ozarks,2,Chadwick,0
2018-10-13,New Covenant Academy,2,Chadwick,0
2018-10-13,Hurley,2,Chadwick,0
2018-10-13,Nevada,2,Clinton,0
2018-10-13,Hillcrest,0,Clinton,2
2018-10-13,Butler,2,Clinton,0
2018-10-13,Harrisonville,2,Clinton,0
2018-10-13,Pleasant Hill,2,Cole Camp,0
2018-10-13,Notre Dame de Sion,2,Cole Camp,1
2018-10-13,St. Paul Lutheran (Concordia),0,Cole Camp,2
2018-10-13,Rock Bridge,2,Concordia,0
2018-10-13,Grain Valley,2,Concordia,0
2018-10-13,Notre Dame de Sion,2,Concordia,0
2018-10-13,St. Joseph's Academy,0,Cor Jesu Academy,2
2018-10-13,St. Dominic,2,Cor Jesu Academy,0
2018-10-13,Versailles,2,Crystal City,0
2018-10-13,Mid-Buchanan,2,Crystal City,0
2018-10-13,Warsaw,0,Crystal City,2
2018-10-13,New Heights Christian,2,Diamond,0
2018-10-13,Lafayette County,2,East Buchanan,1
2018-10-13,Lexington,0,East Buchanan,2
2018-10-13,Savannah,2,East Buchanan,0
2018-10-13,Penney,0,East Buchanan,2
2018-10-13,Diamond,1,East Newton,1
2018-10-13,McDonald County,0,East Newton,2
2018-10-13,Seneca,2,East Newton,0
2018-10-13,New Heights Christian,2,East Newton,1
2018-10-13,California,2,Eldon,0
2018-10-13,Green Ridge,1,Eldon,1
2018-10-13,Hallsville,0,Eldon,2
2018-10-13,Otterville,0,Eugene,2
2018-10-13,Tipton,0,Eugene,2
2018-10-13,Licking,2,Eugene,0
2018-10-13,School of the Ozarks,2,Everton,0
2018-10-13,Hurley,2,Everton,0
2018-10-13,Sparta,1,Fatima,1
2018-10-13,St. Michael the Archangel,2,Fatima,0
2018-10-13,Rock Bridge,2,Fatima,1
2018-10-13,St. Paul Lutheran (Concordia),1,Fatima,1
2018-10-13,Union,1,Fordland,1
2018-10-13,Fordland,1,Forsyth,1
2018-10-13,Billings,2,Forsyth,0
2018-10-13,Salem,2,Forsyth,0
2018-10-13,Union,1,Forsyth,1
2018-10-13,Helias Catholic,2,Glendale,0
2018-10-13,William Chrisman,0,Glendale,2
2018-10-13,Republic,2,Glendale,1
2018-10-13,Carl Junction,1,Glendale,1
2018-10-13,Veritas Christian Academy,1,Glendale,1
2018-10-13,Rock Bridge,0,Grain Valley,2
2018-10-13,Pleasant Hill,2,Grandview,0
2018-10-13,Cole Camp,2,Grandview,0
2018-10-13,Fatima,2,Grandview,0
2018-10-13,California,2,Green Ridge,0
2018-10-13,Hallsville,0,Green Ridge,2
2018-10-13,California,2,Hallsville,0
2018-10-13,Warrensburg,2,Harrisonville,0
2018-10-13,Bolivar,0,Harrisonville,2
2018-10-13,Osceola,1,Harrisonville,1
2018-10-13,Nevada,2,Harrisonville,0
2018-10-13,Veritas Christian Academy,1,Helias Catholic,1
2018-10-13,Nevada,2,Hillcrest,0
2018-10-13,Butler,2,Hillcrest,0
2018-10-13,Warrensburg,2,Hillcrest,0
2018-10-13,Galena,0,Hollister,2
2018-10-13,Reeds Spring,2,Hollister,0
2018-10-13,Sheldon,0,Hume,2
2018-10-13,School of the Ozarks,1,Hurley,1
2018-10-13,New Covenant Academy,2,Hurley,0
2018-10-13,Lee's Summit North,0,Lafayette (Wildwood),2
2018-10-13,Nixa,1,Lafayette (Wildwood),1
2018-10-13,William Chrisman,0,Lafayette (Wildwood),2
2018-10-13,Helias Catholic,2,Lafayette (Wildwood),0
2018-10-13,Wellington-Napoleon,1,Lafayette County,1
2018-10-13,Odessa,1,Lafayette County,1
2018-10-13,Lawson,1,Lafayette County,1
2018-10-13,Wellington-Napoleon,0,Lawson,2
2018-10-13,Odessa,1,Lawson,1
2018-10-13,Lexington,0,Lawson,2
2018-10-13,Savannah,2,Lawson,0
2018-10-13,Veritas Christian Academy,2,Lee's Summit,0
2018-10-13,Nixa,1,Lee's Summit North,1
2018-10-13,William Chrisman,0,Lee's Summit North,2
2018-10-13,Staley,0,Lee's Summit West,2
2018-10-13,Villa Duchesne,0,Lee's Summit West,2
2018-10-13,St. Charles,0,Lee's Summit West,2
2018-10-13,Oak Park,0,Lee's Summit West,2
2018-10-13,Park Hill,1,Lee's Summit West,2
2018-10-13,Liberty,2,Lee's Summit West,0
2018-10-13,Penney,0,Lexington,2
2018-10-13,Savannah,2,Lexington,0
2018-10-13,Park Hill,1,Liberty,1
2018-10-13,Raymore-Peculiar,0,Liberty,2
2018-10-13,Staley,0,Liberty,2
2018-10-13,Kearney,0,Liberty,2
2018-10-13,Sarcoxie,0,Licking,2
2018-10-13,Montgomery County,0,Licking,2
2018-10-13,Confluence Prep Academy Charter,0,Linn,2
2018-10-13,Park Hill,0,Marquette,2
2018-10-13,Raymore-Peculiar,2,Marquette,0
2018-10-13,Villa Duchesne,1,Marquette,2
2018-10-13,Kearney,1,Marquette,1
2018-10-13,Liberty,1,Marquette,1
2018-10-13,Willard,0,Marshall,2
2018-10-13,Versailles,0,Marshall,2
2018-10-13,California,2,Marshall,0
2018-10-13,Diamond,0,McDonald County,2
2018-10-13,Seneca,2,McDonald County,0
2018-10-13,New Heights Christian,2,McDonald County,0
2018-10-13,Versailles,1,Mid-Buchanan,1
2018-10-13,Warsaw,0,Mid-Buchanan,2
2018-10-13,Union,0,Miller,2
2018-10-13,Sarcoxie,0,Montgomery County,2
2018-10-13,Tipton,0,Montgomery County,2
2018-10-13,Butler,0,Nevada,2
2018-10-13,Bolivar,0,Nevada,2
2018-10-13,Warrensburg,1,Nevada,2
2018-10-13,School of the Ozarks,1,New Covenant Academy,2
2018-10-13,New Covenant Academy,2,Niangua,0
2018-10-13,Veritas Christian Academy,2,Nixa,1
2018-10-13,Sheldon,2,Northeast Vernon County,0
2018-10-13,Father Tolton,0,Notre Dame (St. Louis),2
2018-10-13,Rock Bridge,2,Notre Dame de Sion,1
2018-10-13,St. Pius X (Kansas City),2,Notre Dame de Sion,0
2018-10-13,Villa Duchesne,0,Oak Park,2
2018-10-13,Staley,2,Oak Park,0
2018-10-13,Raymore-Peculiar,2,Oak Park,0
2018-10-13,St. Charles,1,Oak Park,1
2018-10-13,Wellington-Napoleon,0,Odessa,2
2018-10-13,Penney,0,Odessa,2
2018-10-13,Savannah,2,Odessa,1
2018-10-13,Marshall,0,Osage,2
2018-10-13,Willard,0,Osage,2
2018-10-13,Mid-Buchanan,1,Osage,2
2018-10-13,California,1,Osage,2
2018-10-13,Green Ridge,0,Osage,2
2018-10-13,Tipton,2,Otterville,0
2018-10-13,Sarcoxie,2,Otterville,1
2018-10-13,Nixa,1,Ozark,2
2018-10-13,Republic,0,Ozark,2
2018-10-13,Calvary Lutheran,0,Ozark,2
2018-10-13,Helias Catholic,2,Ozark,0
2018-10-13,Raymore-Peculiar,0,Park Hill,2
2018-10-13,Kearney,0,Park Hill,2
2018-10-13,Pleasant Hill,0,Platte County,2
2018-10-13,Grandview,0,Platte County,2
2018-10-13,Cole Camp,0,Platte County,2
2018-10-13,Sparta,0,Platte County,2
2018-10-13,St. Pius X (Kansas City),2,Platte County,0
2018-10-13,St. Michael the Archangel,0,Pleasant Hill,2
2018-10-13,St. Pius X (Kansas City),0,Pleasant Hill,2
2018-10-13,Kearney,1,Raymore-Peculiar,1
2018-10-13,Notre Dame de Sion,2,Raytown,0
2018-10-13,St. Pius X (Kansas City),2,Raytown,0
2018-10-13,Rock Bridge,2,Raytown,0
2018-10-13,Rock Bridge,0,Raytown South,2
2018-10-13,Concordia,1,Raytown South,1
2018-10-13,St. Pius X (Kansas City),2,Raytown South,1
2018-10-13,Grain Valley,1,Raytown South,0
2018-10-13,Galena,0,Reeds Spring,2
2018-10-13,Winona,2,Reeds Spring,0
2018-10-13,Calvary Lutheran,2,Republic,0
2018-10-13,Miller,2,Salem,0
2018-10-13,Wellington-Napoleon,0,Savannah,2
2018-10-13,Penney,0,Savannah,2
2018-10-13,New Heights Christian,0,Seneca,2
2018-10-13,Diamond,0,Seneca,2
2018-10-13,St. Paul Lutheran (Concordia),1,Sparta,1
2018-10-13,St. Michael the Archangel,1,Sparta,1
2018-10-13,Marshall,2,Southern Boone,0
2018-10-13,Willard,0,Southern Boone,2
2018-10-13,Osage,0,Southern Boone,2
2018-10-13,St. Joseph's Academy,0,St. Dominic,2
2018-10-13,Bourbon,0,St. James,2
2018-10-13,Linn,0,St. James,2
2018-10-13,Confluence Prep Academy Charter,0,St. James,2
2018-10-13,St. Michael the Archangel,2,St. Paul Lutheran (Concordia),0
2018-10-13,Thayer,0,Winona,2
2018-10-13,Villa Duchesne,2,St. Charles,0
2018-10-13,Staley,2,St. Charles,0
2018-10-13,Kearney,2,St. Charles,1
2018-10-13,Warsaw,0,Versailles,2
2018-10-13,Staley,2,Villa Duchesne,0
2018-10-13,Bolivar,0,Warrensburg,2
2018-10-13,Osceola,0,Warrensburg,2
2018-10-13,Butler,0,Warrensburg,2
2018-10-13,Nixa,2,William Chrisman,0
2018-10-13,Calvary Lutheran,2,William Chrisman,0
2018-10-15,Kirkwood,2,Affton,1
2018-10-15,Bourbon,0,Belle,2
2018-10-15,Lawson,0,Bishop LeBlond,2
2018-10-15,Ste. Genevieve,2,Bismarck,0
2018-10-15,Valle Catholic,2,Bismarck,0
2018-10-15,St. Michael the Archangel,0,Blue Springs,2
2018-10-15,Ash Grove,2,Bolivar,0
2018-10-15,Whitfield,2,Brentwood,0
2018-10-15,Miami (Amoret),2,Bronaugh,0
2018-10-15,Lathrop,2,Brookfield,0
2018-10-15,Butler,1,Buffalo,2
2018-10-15,Ellington,2,Bunker,0
2018-10-15,Orrick,2,Calhoun,0
2018-10-15,Plattsburg,0,Cameron,2
2018-10-15,North Pemiscot,0,Caruthersville,2
2018-10-15,New Covenant Academy,2,Chadwick,0
2018-10-15,Orrick,2,Chilhowee,0
2018-10-15,Calhoun,2,Chilhowee,1
2018-10-15,Seneca,2,Clearwater,0
2018-10-15,Windsor,2,Crest Ridge,0
2018-10-15,Owensville,2,Cuba,1
2018-10-15,Rock Port,0,East Buchanan,2
2018-10-15,Adrian,0,El Dorado Springs,2
2018-10-15,Licking,2,Eminence,0
2018-10-15,Verona,2,Exeter,0
2018-10-15,Clever,0,Fair Grove,2
2018-10-15,West County,0,Farmington,2
2018-10-15,Valley,0,Farmington,2
2018-10-15,Southern Boone,2,Father Tolton,1
2018-10-15,Bradleyville,0,Fordland,2
2018-10-15,Blue Eye,2,Forsyth,0
2018-10-15,Marquette,2,Francis Howell Central,1
2018-10-15,Potosi,2,Fredericktown,1
2018-10-15,Arcadia Valley,2,Fredericktown,0
2018-10-15,Pattonville,1,Ft. Zumwalt East,2
2018-10-15,Hickman,2,Fulton,0
2018-10-15,St. Clair,0,Greenville,2
2018-10-15,Tipton,0,Hallsville,2
2018-10-15,Odessa,2,Harrisonville,1
2018-10-15,McCluer North,2,Hazelwood Central,0
2018-10-15,St. Joseph's Academy,2,Hermann,1
2018-10-15,East (Kansas City),0,Hogan Prep Academy Charter,2
2018-10-15,Bayless,0,Jennings,2
2018-10-15,University City,0,Jennings,2
2018-10-15,Central (Park Hills),2,Kingston,0
2018-10-15,North County,2,Kingston,0
2018-10-15,Seckman,0,Ladue Horton Watkins,2
2018-10-15,St. Vincent,1,Leopold,1
2018-10-15,Lakeland,0,Lincoln,2
2018-10-15,Stockton,2,Lockwood,1
2018-10-15,Maplewood-Richmond Hts.,0,Lutheran North,2
2018-10-15,Winfield,0,Lutheran St. Charles,2
2018-10-15,Hurley,2,Marionville,0
2018-10-15,Oak Ridge,2,Marquand-Zion,0
2018-10-15,Wright City,0,McCluer North,2
2018-10-15,Confluence Prep Academy Charter,0,McKinley Classical Leadership,2
2018-10-15,Bell City,0,Meadow Heights,2
2018-10-15,Hannibal,2,Mexico,0
2018-10-15,Southwest (Washburn),0,Monett,2
2018-10-15,Eureka,2,Nerinx Hall,0
2018-10-15,Fatima,2,New Haven,0
2018-10-15,Pleasant Hope,2,Niangua,1
2018-10-15,Central (Park Hills),2,North County,0
2018-10-15,Staley,2,North Kansas City,1
2018-10-15,Crossroads College Preparatory,2,North Technical,0
2018-10-15,Central (Kansas City),0,Northeast (Kansas City),2
2018-10-15,Sheldon,1,Northeast Vernon County,1
2018-10-15,Summit Christian Academy,0,Northland Christian,2
2018-10-15,Mehlville,0,Northwest (Cedar Hill),2
2018-10-15,Dexter,2,Notre Dame (Cape Girardeau),0
2018-10-15,Winnetonka,0,Oak Park,2
2018-10-15,Lindbergh,0,Oakville,1
2018-10-15,Bowling Green,0,Orchard Farm,2
2018-10-15,Wright City,0,Orchard Farm,2
2018-10-15,Holden,1,Osceola,2
2018-10-15,Lexington,2,Penney,0
2018-10-15,Festus,2,Perryville,0
2018-10-15,Central (Cape Girardeau),0,Poplar Bluff,2
2018-10-15,Holcomb,0,Portageville,2
2018-10-15,Arcadia Valley,2,Potosi,0
2018-10-15,Doniphan,2,Puxico,0
2018-10-15,Webster Groves,2,Rockwood Summit,0
2018-10-15,Jefferson (Festus),2,Saxony Lutheran,0
2018-10-15,Miller,2,School of the Ozarks,1
2018-10-15,California,2,Savannah,0
2018-10-15,Sarcoxie,0,Smithton,2
2018-10-15,Conway,1,Springfield Catholic,2
2018-10-15,DeSoto,0,St. Clair,2
2018-10-15,Windsor (Imperial),0,St. Pius X (Festus),2
2018-10-15,Valle Catholic,1,Ste. Genevieve,2
2018-10-15,Carthage,2,Winona,1
2018-10-15,Herculaneum,1,Webb City,2
2018-10-15,St. Joseph Christian,2,Trenton,1
2018-10-15,Bishop DuBourg,0,Trinity Catholic,2
2018-10-15,Warrenton,2,Union,0
2018-10-15,West County,2,Valley,0
2018-10-15,University Academy Charter,1,Versailles,3
2018-10-15,Willard,0,Versailles,2
2018-10-15,Warsaw,2,Viburnum,0
2018-10-15,Francis Howell,2,Visitation Academy,1
2018-10-15,Cole Camp,2,Warsaw,0
2018-10-15,Liberty (Mountain View),2,Waynesville,0
2018-10-15,Bernie,2,Woodland,1
2018-10-15,Principia,0,Wright City,2
2018-10-16,Lakeland,0,Adrian,2
2018-10-16,Liberal,1,Archie,2
2018-10-16,Springfield Catholic,0,Aurora,2
2018-10-16,Bloomfield,2,Bell City,0
2018-10-16,Mexico,1,Boonville,2
2018-10-16,Willard,2,Branson,0
2018-10-16,Hancock,0,Brentwood,2
2018-10-16,Hallsville,0,California,2
2018-10-16,Eugene,0,Calvary Lutheran,2
2018-10-16,Parkview,0,Camdenton,2
2018-10-16,Nixa,2,Carl Junction,0
2018-10-16,Seneca,2,Cassville,1
2018-10-16,Notre Dame (Cape Girardeau),2,Central (Cape Girardeau),0
2018-10-16,Kennett,1,Central (New Madrid County),1
2018-10-16,Charleston,0,Central (New Madrid County),2
2018-10-16,Seneca,2,Central (New Madrid County),0
2018-10-16,Oran,1,Central (New Madrid County),1
2018-10-16,West Plains,2,Central (Springfield),0
2018-10-16,Bradleyville,1,Chadwick,2
2018-10-16,Kennett,2,Charleston,0
2018-10-16,Seneca,2,Charleston,0
2018-10-16,Oran,2,Charleston,0
2018-10-16,Benton,2,Chillicothe,1
2018-10-16,Richland (Essex),0,Clarkton,2
2018-10-16,Miller,0,Clever,2
2018-10-16,Sherwood,0,Clinton,2
2018-10-16,La Monte,0,Cole Camp,2
2018-10-16,Pleasant Hope,1,Conway,2
2018-10-16,Caruthersville,2,Cooter,0
2018-10-16,Villa Duchesne,0,Cor Jesu Academy,2
2018-10-16,Forsyth,1,Crane,2
2018-10-16,Bourbon,0,Cuba,2
2018-10-16,Ellington,2,Doniphan,1
2018-10-16,Veritas Christian Academy,2,Duchesne,0
2018-10-16,Lawson,2,East Buchanan,0
2018-10-16,Buffalo,0,El Dorado Springs,2
2018-10-16,Bolivar,2,Eldon,1
2018-10-16,St. Joseph's Academy,0,Eureka,1
2018-10-16,Niangua,3,Everton,0
2018-10-16,Lincoln College Prep,2,Ewing Marion Kauffman,0
2018-10-16,St. Dominic,2,Father Tolton,0
2018-10-16,Ruskin,0,Fort Osage,2
2018-10-16,Oakville,2,Fox,0
2018-10-16,Holt,0,Francis Howell,2
2018-10-16,Troy Buchanan,1,Francis Howell North,2
2018-10-16,Bismarck,0,Fredericktown,2
2018-10-16,Valley,0,Fredericktown,2
2018-10-16,Timberland,1,Ft. Zumwalt North,1
2018-10-16,Ft. Zumwalt East,2,Ft. Zumwalt South,0
2018-10-16,Francis Howell Central,2,Ft. Zumwalt West,0
2018-10-16,Platte County,2,Grandview,0
2018-10-16,Senath-Hornersville,2,Hayti,0
2018-10-16,Webb City,0,Hermann,2
2018-10-16,St. Pius X (Festus),2,Hillsboro,0
2018-10-16,Malden,2,Holcomb,0
2018-10-16,Richmond,0,Holden,2
2018-10-16,Mountain Grove,2,Houston,1
2018-10-16,Sikeston,0,Jackson,2
2018-10-16,Poplar Bluff,0,Jackson,2
2018-10-16,Central (Cape Girardeau),0,Jackson,2
2018-10-16,Notre Dame (Cape Girardeau),0,Jackson,2
2018-10-16,Midway,2,Jasper,1
2018-10-16,Blair Oaks,2,Jefferson City,0
2018-10-16,Neosho,0,Joplin,2
2018-10-16,Valley,2,Kingston,0
2018-10-16,Bismarck,2,Kingston,1
2018-10-16,Hannibal,2,Kirksville,0
2018-10-16,Rockwood Summit,2,Kirkwood,0
2018-10-16,Nerinx Hall,0,Lafayette (Wildwood),2
2018-10-16,Knob Noster,0,Lafayette County,2
2018-10-16,Hillcrest,0,Lebanon,2
2018-10-16,Park Hill South,2,Lee's Summit,0
2018-10-16,Blue Springs South,0,Lee's Summit West,2
2018-10-16,Carrollton,0,Lexington,2
2018-10-16,Ava,0,Liberty (Mountain View),2
2018-10-16,Washington,2,Liberty (Wentzville),0
2018-10-16,Sarcoxie,0,Linn,2
2018-10-16,Greenfield,2,Marionville,0
2018-10-16,Reeds Spring,0,Marshfield,2
2018-10-16,New Heights Christian,2,McAuley Catholic,0
2018-10-16,Ritenour,2,McCluer,0
2018-10-16,Nevada,2,McDonald County,0
2018-10-16,Ladue Horton Watkins,0,Mehlville,2
2018-10-16,Visitation Academy,2,MICDS,0
2018-10-16,Lathrop,0,Mid-Buchanan,2
2018-10-16,Logan-Rogersville,2,Mt. Vernon,0
2018-10-16,Rock Port,1,Nodaway-Holt,2
2018-10-16,West Platte,2,North Platte,0
2018-10-16,Parkway Central,0,Northwest (Cedar Hill),2
2018-10-16,Tipton,2,Northwest (Hughesville),1
2018-10-16,St. Paul Lutheran (Farmington),0,Oak Ridge,2
2018-10-16,Kennett,2,Oran,0
2018-10-16,Seneca,2,Oran,0
2018-10-16,New Haven,0,Pacific,2
2018-10-16,Westminster Christian Academy,0,Parkway West,2
2018-10-16,Lee's Summit North,2,Pembroke Hill,1
2018-10-16,Plattsburg,2,Penney,0
2018-10-16,Excelsior Springs,0,Pleasant Hill,2
2018-10-16,Sikeston,0,Poplar Bluff,2
2018-10-16,Notre Dame (Cape Girardeau),2,Poplar Bluff,0
2018-10-16,Central (Cape Girardeau),0,Poplar Bluff,2
2018-10-16,Leopold,2,Puxico,0
2018-10-16,Park Hill,1,Raymore-Peculiar,2
2018-10-16,Oak Park,2,Raytown,0
2018-10-16,Sparta,0,Raytown South,2
2018-10-16,Ozark,2,Republic,0
2018-10-16,Drexel,0,Rich Hill,2
2018-10-16,McCluer North,2,Riverview Gardens,0
2018-10-16,Glendale,1,Rolla,2
2018-10-16,Smithton,0,Sacred Heart,2
2018-10-16,Cabool,2,Salem,0
2018-10-16,Lutheran (Kansas City),0,Santa Fe,2
2018-10-16,Trenton,0,Savannah,2
2018-10-16,Kennett,1,Seneca,1
2018-10-16,Notre Dame (Cape Girardeau),2,Sikeston,0
2018-10-16,Central (Cape Girardeau),2,Sikeston,0
2018-10-16,Versailles,0,Skyline,2
2018-10-16,Marshall,1,Savannah,2
2018-10-16,Clearwater,0,South Iron,2
2018-10-16,Osage,2,Southern Boone,1
2018-10-16,Delta (Deering),0,Southland,2
2018-10-16,School of the Ozarks,2,Union,0
2018-10-16,Galena,0,Spokane,2
2018-10-16,St. Charles West,2,St. Charles,0
2018-10-16,Notre Dame (St. Louis),0,St. Joseph's Academy,2
2018-10-16,St. Clair,2,St. James,0
2018-10-16,Lafayette (St. Joseph),2,St. Joseph Christian,1
2018-10-16,Maryville,0,St. Pius X (Kansas City),2
2018-10-16,Advance,2,St. Vincent,0
2018-10-16,Liberty,2,Staley,0
2018-10-16,Fair Grove,2,Stockton,0
2018-10-16,Otterville,0,Willard,2
2018-10-16,Eminence,1,Wright City,2
2018-10-16,Golden City,2,Thomas Jefferson Independent Day,1
2018-10-16,Liberty North,2,St. Charles,1
2018-10-16,Owensville,2,Union,1
2018-10-16,Northeast (Kansas City),0,University Academy Charter,2
2018-10-16,Clayton,2,University City,0
2018-10-16,Lutheran South,0,Ursuline Academy,2
2018-10-16,Crossroads College Preparatory,2,Valley Park,0
2018-10-16,North Kansas City,2,Versailles,0
2018-10-16,Oak Grove,1,Warrensburg,2
2018-10-16,Winfield,1,Warrenton,2
2018-10-16,Carthage,0,Webb City,0
2018-10-16,Purdy,0,Wheaton,2
2018-10-16,Belton,0,William Chrisman,2
2018-10-16,Winona,2,Willow Springs,0
2018-10-16,Lincoln,0,Windsor,2
2018-10-16,Lesterville,2,Winona,1
2018-10-16,North Callaway,0,Wright City,2
2018-10-16,Marquand-Zion,0,Zalma,2
2018-10-17,Cardinal Ritter,0,Bayless,2
2018-10-17,Herculaneum,2,Bishop DuBourg,0
2018-10-17,Warsaw,0,Clinton,2
2018-10-17,Gateway Science Charter,1,Collegiate School of Med-Bio Science,2
2018-10-17,Northeast (Kansas City),1,East (Kansas City),2
2018-10-17,North Callaway,0,Father Tolton,2
2018-10-17,Ava,2,Fordland,1
2018-10-17,Lee's Summit North,2,Fort Osage,0
2018-10-17,Lafayette (Wildwood),2,Francis Howell,0
2018-10-17,Park Hill,0,Kearney,2
2018-10-17,Lafayette County,1,Lexington,1
2018-10-17,Bunceton,0,Lincoln,2
2018-10-17,Windsor (Imperial),0,Lutheran South,2
2018-10-17,Crossroads College Preparatory,0,Metro,0
2018-10-17,West County,2,North County,1
2018-10-17,Potosi,0,North County,2
2018-10-17,Maplewood-Richmond Hts.,2,North Technical,0
2018-10-17,Harrisonville,0,Oak Grove,2
2018-10-17,Pleasant Hill,2,Odessa,0
2018-10-17,South Harrison,0,Penney,2
2018-10-17,Valle Catholic,2,Potosi,0
2018-10-17,John Burroughs,2,Principia,1
2018-10-17,Butler,2,Rich Hill,0
2018-10-17,Hickman,2,Rock Bridge,0
2018-10-17,DeSoto,1,Seckman,2
2018-10-17,Central (Kansas City),2,Southeast,0
2018-10-17,Crystal City,2,St. Paul Lutheran (Farmington),0
2018-10-17,Springfield Catholic,2,Trinity Catholic,1
2018-10-17,Marquette,2,Villa Duchesne,0
2018-10-17,Summit Christian Academy,2,Wellington-Napoleon,0
2018-10-17,Valle Catholic,2,West County,0
2018-10-17,Lutheran North,1,Whitfield,1
2018-10-18,Central (Park Hills),0,Arcadia Valley,2
2018-10-18,Ste. Genevieve,0,Arcadia Valley,2
2018-10-18,New Heights Christian,1,Ash Grove,2
2018-10-18,Lamar,0,Aurora,2
2018-10-18,Cristo Rey,0,Barstow,2
2018-10-18,Waynesville,0,Battle,2
2018-10-18,Cuba,2,Belle,0
2018-10-18,Sparta,2,Belton,0
2018-10-18,Springfield Catholic,2,Bishop DuBourg,0
2018-10-18,Savannah,1,Bishop LeBlond,2
2018-10-18,Versailles,0,Blair Oaks,2
2018-10-18,Blue Springs,1,Blue Springs South,2
2018-10-18,Sheldon,2,Bronaugh,0
2018-10-18,Kirksville,2,Brookfield,0
2018-10-18,Butler,1,Buffalo,2
2018-10-18,St. Paul Lutheran (Farmington),2,Bunker,3
2018-10-18,Chilhowee,2,Calhoun,0
2018-10-18,Central (Springfield),0,Carthage,2
2018-10-18,Savannah,2,Center,0
2018-10-18,Charleston,0,Central (Cape Girardeau),2
2018-10-18,Seneca,0,Central (Cape Girardeau),2
2018-10-18,Notre Dame (Cape Girardeau),2,Central (Cape Girardeau),0
2018-10-18,Notre Dame (Cape Girardeau),2,Central (New Madrid County),0
2018-10-18,Kingsville,2,Chilhowee,0
2018-10-18,Jennings,0,Clayton,2
2018-10-18,Zalma,1,Clearwater,2
2018-10-18,St. Paul Lutheran (Concordia),2,Concordia,0
2018-10-18,Skyline,2,Conway,0
2018-10-18,Parkway West,0,Cor Jesu Academy,2
2018-10-18,Blue Eye,0,Crane,2
2018-10-18,Bayless,0,Crossroads College Preparatory,2
2018-10-18,North Pemiscot,2,Delta (Deering),0
2018-10-18,Adrian,2,Drexel,0
2018-10-18,Trinity Catholic,1,Duchesne,2
2018-10-18,Hallsville,2,Eldon,1
2018-10-18,Centralia,0,Eugene,2
2018-10-18,Warrensburg,0,Excelsior Springs,2
2018-10-18,Lockwood,2,Exeter,0
2018-10-18,Forsyth,0,Fair Grove,2
2018-10-18,Central (Park Hills),2,Farmington,1
2018-10-18,Ste. Genevieve,0,Farmington,2
2018-10-18,Bismarck,0,Festus,2
2018-10-18,Niangua,0,Fordland,2
2018-10-18,St. Charles,0,Francis Howell North,2
2018-10-18,St. Charles West,0,Ft. Zumwalt South,2
2018-10-18,Ft. Zumwalt North,1,Ft. Zumwalt West,2
2018-10-18,Mexico,2,Fulton,1
2018-10-18,Raytown South,0,Grain Valley,2
2018-10-18,Oak Ridge,1,Grandview (Hillsboro),2
2018-10-18,Northeast Vernon County,0,Greenfield,2
2018-10-18,South Iron,0,Greenville,2
2018-10-18,Troy Buchanan,1,Hannibal,2
2018-10-18,Jefferson (Festus),2,Herculaneum,0
2018-10-18,Glendale,2,Hillcrest,0
2018-10-18,East Newton,0,Hollister,2
2018-10-18,Winona,2,Houston,0
2018-10-18,Billings,2,Hurley,0
2018-10-18,Poplar Bluff,1,Jackson,2
2018-10-18,Sikeston,0,Jackson,2
2018-10-18,Notre Dame (Cape Girardeau),2,Jackson,0
2018-10-18,Lutheran St. Charles,2,John Burroughs,1
2018-10-18,Grandview,0,Kearney,2
2018-10-18,West Plains,0,Kickapoo,2
2018-10-18,MICDS,1,Ladue Horton Watkins,2
2018-10-18,Cameron,1,Lafayette (St. Joseph),0
2018-10-18,Rich Hill,0,Lakeland,2
2018-10-18,Lone Jack,2,Lathrop,1
2018-10-18,Bernie,0,Leopold,2
2018-10-18,Eminence,0,Lesterville,2
2018-10-18,Jasper,2,Liberal,0
2018-10-18,St. Charles,0,Liberty,2
2018-10-18,Wright City,0,Liberty (Mountain View),2
2018-10-18,Lee's Summit,2,Liberty North,1
2018-10-18,Willow Springs,0,Licking,2
2018-10-18,Nevada,0,Logan-Rogersville,2
2018-10-18,Bloomfield,2,Malden,0
2018-10-18,Ellington,2,Marquand-Zion,0
2018-10-18,Seneca,0,Marshfield,2
2018-10-18,McCluer,0,McCluer North,2
2018-10-18,Osceola,0,Midway,2
2018-10-18,Cassville,0,Mt. Vernon,2
2018-10-18,Ursuline Academy,1,Nerinx Hall,2
2018-10-18,Ewing Marion Kauffman,0,Northland Christian,2
2018-10-18,North Kansas City,0,Oak Park,2
2018-10-18,Boonville,1,Osage,1
2018-10-18,Central (St. Joseph),0,Park Hill South,2
2018-10-18,Lebanon,2,Parkview,0
2018-10-18,Parkway South,0,Pattonville,2
2018-10-18,Dexter,2,Perryville,1
2018-10-18,Winnetonka,0,Platte County,2
2018-10-18,Kennett,0,Poplar Bluff,2
2018-10-18,Spokane,2,Purdy,0
2018-10-18,University City,0,Ritenour,2
2018-10-18,Ozark,2,Rock Bridge,0
2018-10-18,Affton,0,Rockwood Summit,2
2018-10-18,Camdenton,2,Rolla,1
2018-10-18,William Chrisman,2,Ruskin,0
2018-10-18,Calvary Lutheran,2,Sarcoxie,0
2018-10-18,Otterville,0,Sacred Heart,2
2018-10-18,Crest Ridge,0,Santa Fe,2
2018-10-18,Oran,0,Sikeston,2
2018-10-18,Northwest (Hughesville),0,Smithton,2
2018-10-18,Clarkton,2,Summersville,0
2018-10-18,McDonald County,1,Springfield Catholic,2
2018-10-18,Westminster Christian Academy,0,St. Dominic,2
2018-10-18,Incarnate Word Academy,0,St. Joseph's Academy,2
2018-10-18,St. Pius X (Kansas City),0,St. Teresa's Academy,2
2018-10-18,Marionville,0,Stockton,2
2018-10-18,Sarcoxie,0,Winona,2
2018-10-18,Plato,2,Thayer,0
2018-10-18,Pierce City,2,Thomas Jefferson Independent Day,1
2018-10-18,La Monte,0,Tipton,2
2018-10-18,Galena,1,Verona,2
2018-10-18,Webb City,0,Warrenton,2
2018-10-18,Eureka,2,Washington,1
2018-10-18,Lutheran (Kansas City),2,Wellington-Napoleon,1
2018-10-18,McAuley Catholic,1,Wheaton,2
2018-10-18,Orchard Farm,2,Whitfield,0
2018-10-18,Green Ridge,0,Windsor,2
2018-10-18,Montgomery County,2,Wright City,0
2018-10-19,Woodland,0,Advance,2
2018-10-19,St. Clair,0,Campbell,2
2018-10-19,North Pemiscot,1,Cooter,1
2018-10-19,Bismarck,0,Festus,2
2018-10-19,School of the Ozarks,2,Fordland,0
2018-10-19,Golden City,2,Hume,0
2018-10-19,Notre Dame (St. Louis),1,Lutheran North,1
2018-10-19,University City,0,Maplewood-Richmond Hts.,2
2018-10-19,Pembroke Hill,1,MICDS,1
2018-10-19,Windsor (Imperial),2,Miller Career Academy,0
2018-10-19,Notre Dame (St. Louis),2,Miller Career Academy,0
2018-10-19,Lutheran North,2,Miller Career Academy,0
2018-10-19,Ballard,0,Northeast Vernon County,2
2018-10-19,Pembroke Hill,2,Principia,0
2018-10-19,Principia,0,St. Charles,2
2018-10-19,Pembroke Hill,2,St. Charles,0
2018-10-19,MICDS,2,St. Charles,0
2018-10-19,Meadow Heights,2,St. Paul Lutheran (Farmington),0
2018-10-19,Orchard Farm,2,Whitfield,0
2018-10-19,Lutheran North,0,Windsor (Imperial),2
2018-10-19,Notre Dame (St. Louis),2,Windsor (Imperial),0
2018-10-20,Principia,0,Lutheran North,2
2018-10-20,Hannibal,2,Marshall,0
2018-10-20,Notre Dame (St. Louis),1,MICDS,2
2018-10-20,Pembroke Hill,2,MICDS,0
2018-10-20,St. Charles,2,Miller Career Academy,0
2018-10-20,Lutheran North,1,St. Charles,2
2018-10-20,Pembroke Hill,2,Windsor,0
2018-10-20,Notre Dame (St. Louis),2,Windsor (Imperial),0
2018-10-20,Pembroke Hill,2,Windsor (Imperial),0
2018-10-22,Cooter,0,Summersville,2
2018-10-22,Southland,2,Hayti,0
2018-10-22,Holcomb,2,Delta (Deering),1
2018-10-22,Bernie,2,Clarkton,1
2018-10-22,Clarkton,2,Oran,0
2018-10-22,Campbell,2,Richland (Essex),0
2018-10-22,Zalma,0,Meadow Heights,2
2018-10-22,Leopold,2,Marquand-Zion,0
2018-10-22,Oak Ridge,2,South Iron,0
2018-10-22,Valley,1,St. Paul Lutheran (Farmington),2
2018-10-22,Crystal City,2,Bismarck,0
2018-10-22,Eminence,2,Ellington,0
2018-10-22,Wright City,2,Koshkonong,0
2018-10-22,Winona,2,Bunker,0
2018-10-22,Chadwick,0,Union,2
2018-10-22,School of the Ozarks,2,Niangua,0
2018-10-22,Fordland,2,Bradleyville,0
2018-10-22,Greenfield,2,Golden City,0
2018-10-22,Lockwood,2,Everton,0
2018-10-22,Thomas Jefferson Independent Day,2,Sheldon,0
2018-10-22,Jasper,2,Bronaugh,0
2018-10-22,Willard,2,Lakeland,0
2018-10-22,Osceola,2,Calhoun,0
2018-10-22,Sarcoxie,2,Bunceton,0
2018-10-22,Eugene,2,Missouri School for the Deaf,0
2018-10-22,Otterville,2,Columbia Independent,0
2018-10-22,Smithton,1,Concordia,2
2018-10-22,Sacred Heart,2,La Monte,0
2018-10-22,Archie,2,Kingsville,0
2018-10-22,Crest Ridge,2,Chilhowee,0
2018-10-22,Wellington-Napoleon,2,Northland Christian,1
2018-10-22,St. Joseph Christian,2,Orrick,0
2018-10-22,Nodaway-Holt,2,St. James,0
2018-10-22,Rock Port,2,North Nodaway,0
2018-10-22,Senath-Hornersville,1,Central (New Madrid County),2
2018-10-22,Portageville,2,St. Clair,0
2018-10-22,Caruthersville,1,Charleston,2
2018-10-22,Seneca,0,Clearwater,2
2018-10-22,Bloomfield,2,Puxico,0
2018-10-22,Woodland,2,Greenville,0
2018-10-22,St. Vincent,2,Grandview (Hillsboro),0
2018-10-22,Jefferson (Festus),2,Kingston,0
2018-10-22,St. Pius X (Festus),2,West County,0
2018-10-22,North Technical,2,Collegiate School of Med-Bio Science,0
2018-10-22,Crossroads College Preparatory,2,Transportation and Law,0
2018-10-22,Metro,2,West Plains,0
2018-10-22,Whitfield,2,Valley Park,0
2018-10-22,Principia,1,Bowling Green,2
2018-10-22,Hallsville,2,Father Tolton,1
2018-10-22,New Haven,2,North Callaway,0
2018-10-22,Linn,2,Belle,0
2018-10-22,Fatima,2,Dixon,0
2018-10-22,Warsaw,2,Bourbon,0
2018-10-22,Mountain Grove,2,Houston,0
2018-10-22,Licking,2,Thayer,0
2018-10-22,Cabool,2,Plato,1
2018-10-22,Ash Grove,0,New Covenant Academy,2
2018-10-22,Winona,2,Conway,0
2018-10-22,Clever,2,Spokane,0
2018-10-22,Marionville,2,Diamond,0
2018-10-22,Sarcoxie,2,Pierce City,0
2018-10-22,East Newton,2,Southwest (Washburn),0
2018-10-22,Skyline,0,Stockton,2
2018-10-22,Butler,2,Warsaw,0
2018-10-22,Lamar,2,Pleasant Hope,0
2018-10-22,Holden,1,Sherwood,2
2018-10-22,Windsor,2,Knob Noster,0
2018-10-22,Versailles,2,Tipton,1
2018-10-22,Lone Jack,2,University Academy Charter,0
2018-10-22,Summit Christian Academy,2,Ewing Marion Kauffman,0
2018-10-22,Trenton,2,Carrollton,0
2018-10-22,Lafayette County,2,Brookfield,0
2018-10-22,Lexington,2,Penney,0
2018-10-22,Plattsburg,2,East Buchanan,0
2018-10-22,Mid-Buchanan,2,South Harrison,0
2018-10-22,Lawson,2,Lathrop,0
2018-10-22,Notre Dame (Cape Girardeau),2,Kennett,0
2018-10-22,Ste. Genevieve,2,Doniphan,0
2018-10-22,Dexter,2,Fredericktown,0
2018-10-22,North County,2,DeSoto,1
2018-10-22,Central (Park Hills),2,Potosi,0
2018-10-22,Windsor (Imperial),2,Herculaneum,0
2018-10-22,Waynesville,0,Soldan International Studies,2
2018-10-22,Cardinal Ritter,2,Confluence Prep Academy Charter,0
2018-10-22,Centralia,1,Marshall,2
2018-10-22,Southern Boone,2,Fulton,0
2018-10-22,Boonville,2,Mexico,0
2018-10-22,Osage,2,Eldon,0
2018-10-22,Blair Oaks,2,Bolivar,0
2018-10-22,California,2,Buffalo,0
2018-10-22,Union,2,St. James,0
2018-10-22,Owensville,2,Salem,0
2018-10-22,Ava,2,Willow Springs,1
2018-10-22,Forsyth,2,Springfield Catholic,0
2018-10-22,Odessa,2,Harrisonville,0
2018-10-22,Oak Grove,2,Clinton,0
2018-10-22,Hogan Prep Academy Charter,1,Center,2
2018-10-22,Central (Kansas City),2,Southeast,0
2018-10-22,Richmond,2,Lincoln College Prep,0
2018-10-22,Excelsior Springs,2,Guadalupe Centers Charter,0
2018-10-22,Versailles,1,Northeast (Kansas City),2
2018-10-22,Cameron,2,Lafayette (St. Joseph),1
2018-10-22,Benton,0,Savannah,2
2018-10-22,Sparta,2,Chillicothe,0
2018-10-22,Poplar Bluff,2,Central (Cape Girardeau),0
2018-10-22,Hillsboro,2,Sikeston,0
2018-10-22,Mehlville,2,Seckman,0
2018-10-22,Rockwood Summit,2,Fox,0
2018-10-22,Oakville,2,Lindbergh,0
2018-10-22,Parkway Central,2,Parkway South,1
2018-10-22,Marquette,2,Parkway North,0
2018-10-22,Parkway West,2,Kirkwood,0
2018-10-22,Nerinx Hall,2,Ladue Horton Watkins,1
2018-10-22,Webster Groves,2,Gateway,0
2018-10-22,Ursuline Academy,2,Ritenour,0
2018-10-22,Francis Howell North,2,Ft. Zumwalt North,0
2018-10-22,Francis Howell,2,Ft. Zumwalt East,0
2018-10-22,Francis Howell Central,2,Ft. Zumwalt South,0
2018-10-22,Hannibal,2,Liberty (Wentzville),1
2018-10-22,Ft. Zumwalt West,2,Troy Buchanan,1
2018-10-22,Holt,2,Warrenton,1
2018-10-22,Camdenton,2,Central (Springfield),0
2018-10-22,Glendale,2,Hillcrest,0
2018-10-22,Parkview,2,Branson,1
2018-10-22,Kickapoo,2,West Plains,0
2018-10-22,Nixa,2,Republic,0
2018-10-22,Rock Bridge,2,Savannah,0
2018-10-22,Hickman,2,Battle,0
2018-10-22,Grain Valley,2,Warrensburg,1
2018-10-22,Belton,2,Grandview,1
2018-10-22,Raymore-Peculiar,2,Ruskin,0
2018-10-22,Lee's Summit,2,Notre Dame de Sion,0
2018-10-22,St. Charles,2,Raytown South,0
2018-10-22,Lee's Summit North,2,Raytown,0
2018-10-22,Winnetonka,2,Fort Osage,0
2018-10-22,Kearney,2,East (Kansas City),0
2018-10-22,Liberty North,2,William Chrisman,0
2018-10-22,Staley,2,Oak Park,1
2018-10-22,Park Hill South,2,North Kansas City,0
2018-10-22,Park Hill,2,Central (St. Joseph),0
2018-10-23,North Pemiscot,1,Summersville,2
2018-10-23,Southland,1,Holcomb,2
2018-10-23,Advance,2,Leopold,0
2018-10-23,Advance,2,Meadow Heights,0
2018-10-23,Leopold,2,Oak Ridge,0
2018-10-23,Valle Catholic,2,Viburnum,0
2018-10-23,Valle Catholic,2,St. Paul Lutheran (Farmington),0
2018-10-23,Viburnum,2,Crystal City,0
2018-10-23,Lesterville,2,Eminence,0
2018-10-23,Wright City,0,Winona,2
2018-10-23,Blue Eye,2,School of the Ozarks,1
2018-10-23,Blue Eye,2,Union,0
2018-10-23,School of the Ozarks,2,Fordland,0
2018-10-23,Galena,2,Verona,0
2018-10-23,Hurley,2,Exeter,0
2018-10-23,Wheaton,2,Purdy,0
2018-10-23,Miller,0,Billings,2
2018-10-23,Miller,2,Greenfield,0
2018-10-23,Billings,2,Lockwood,0
2018-10-23,McAuley Catholic,2,Jasper,1
2018-10-23,McAuley Catholic,2,Thomas Jefferson Independent Day,0
2018-10-23,Liberal,0,Jasper,2
2018-10-23,Drexel,2,Northeast Vernon County,1
2018-10-23,Rich Hill,2,Miami (Amoret),0
2018-10-23,Hume,2,Ballard,0
2018-10-23,Green Ridge,2,Lincoln,0
2018-10-23,Green Ridge,2,Willard,0
2018-10-23,Osceola,1,Lincoln,2
2018-10-23,Calvary Lutheran,2,Eugene,0
2018-10-23,Calvary Lutheran,2,Sarcoxie,0
2018-10-23,Eugene,2,Otterville,0
2018-10-23,Malden,2,Central (New Madrid County),0
2018-10-23,Portageville,2,Charleston,0
2018-10-23,Saxony Lutheran,1,Bloomfield,2
2018-10-23,Saxony Lutheran,2,Clearwater,0
2018-10-23,Bloomfield,2,Woodland,0
2018-10-23,Hancock,2,Carnahan,0
2018-10-23,Gateway Science Charter,2,McKinley Classical Leadership,0
2018-10-23,Lutheran North,2,Crossroads College Preparatory,0
2018-10-23,Lutheran North,2,North Technical,0
2018-10-23,Crossroads College Preparatory,2,Metro,0
2018-10-23,Duchesne,2,Whitfield,0
2018-10-23,Brentwood,2,Bowling Green,0
2018-10-23,Cuba,0,Fatima,2
2018-10-23,Cuba,2,Linn,0
2018-10-23,Fatima,2,Warsaw,0
2018-10-23,Liberty (Mountain View),2,Cabool,0
2018-10-23,Liberty (Mountain View),2,Mountain Grove,0
2018-10-23,Licking,1,Cabool,2
2018-10-23,Fair Grove,0,Winona,2
2018-10-23,Fair Grove,2,New Covenant Academy,0
2018-10-23,Winona,2,Clever,0
2018-10-23,New Heights Christian,1,Sarcoxie,2
2018-10-23,New Heights Christian,2,Marionville,0
2018-10-23,Sarcoxie,2,East Newton,0
2018-10-23,El Dorado Springs,2,Lamar,0
2018-10-23,El Dorado Springs,2,Stockton,0
2018-10-23,Butler,0,Lamar,2
2018-10-23,St. Michael the Archangel,2,Barstow,0
2018-10-23,St. Michael the Archangel,2,Lone Jack,0
2018-10-23,Barstow,2,Summit Christian Academy,0
2018-10-23,Ste. Genevieve,2,Notre Dame (Cape Girardeau),0
2018-10-23,Perryville,1,Notre Dame (Cape Girardeau),2
2018-10-23,Ste. Genevieve,2,Dexter,1
2018-10-23,Festus,2,Central (Park Hills),0
2018-10-23,Festus,2,North County,0
2018-10-23,Central (Park Hills),2,Windsor (Imperial),0
2018-10-23,Bishop DuBourg,2,Bayless,0
2018-10-23,Affton,2,Roosevelt,0
2018-10-23,Notre Dame (St. Louis),2,Lift for Life Academy Charter,0
2018-10-23,John Burroughs,2,MICDS,0
2018-10-23,Villa Duchesne,2,University City,0
2018-10-23,Westminster Christian Academy,2,Clayton,0
2018-10-23,Trinity Catholic,2,Jennings,0
2018-10-23,Orchard Farm,2,Normandy Collaborative,0
2018-10-23,St. Charles,2,McCluer South-Berkeley,0
2018-10-23,Winfield,0,Pacific,2
2018-10-23,St. Joseph's Academy,2,Wright City,0
2018-10-23,Lutheran St. Charles,2,St. Charles West,0
2018-10-23,Kirksville,2,Southern Boone,0
2018-10-23,Kirksville,2,Marshall,0
2018-10-23,Southern Boone,2,Boonville,0
2018-10-23,Webb City,2,St. Clair,1
2018-10-23,Webb City,2,Union,1
2018-10-23,St. Clair,2,Owensville,0
2018-10-23,Logan-Rogersville,2,Marshfield,1
2018-10-23,Logan-Rogersville,2,Ava,0
2018-10-23,Marshfield,2,Forsyth,0
2018-10-23,Reeds Spring,2,Cassville,0
2018-10-23,Seneca,2,Monett,0
2018-10-23,Aurora,2,Hollister,1
2018-10-23,Pembroke Hill,2,Center,0
2018-10-23,Cristo Rey,2,Central (Kansas City),1
2018-10-23,Maryville,2,Cameron,0
2018-10-23,Sparta,2,Savannah,0
2018-10-23,Cor Jesu Academy,2,Mehlville,0
2018-10-23,Rockwood Summit,0,Oakville,2
2018-10-23,St. Joseph's Academy,2,Nerinx Hall,0
2018-10-23,Webster Groves,1,Ursuline Academy,2
2018-10-23,McCluer North,2,Hazelwood East,1
2018-10-23,Hazelwood West,2,Riverview Gardens,0
2018-10-23,Hazelwood Central,2,McCluer,0
2018-10-23,St. Dominic,2,Francis Howell North,0
2018-10-23,Francis Howell,2,Francis Howell Central,1
2018-10-23,Timberland,2,Hannibal,0
2018-10-23,Ft. Zumwalt West,2,Holt,1
2018-10-23,Rolla,2,Jefferson City,1
2018-10-23,Washington,2,Waynesville,0
2018-10-23,Willard,2,Lebanon,0
2018-10-23,Willard,2,Camdenton,0
2018-10-23,Lebanon,2,Glendale,1
2018-10-23,Joplin,2,Neosho,0
2018-10-23,Carl Junction,2,McDonald County,0
2018-10-23,Lee's Summit West,2,Belton,0
2018-10-23,Raymore-Peculiar,1,Lee's Summit,2
2018-10-23,St. Teresa's Academy,2,St. Charles,0
2018-10-23,Blue Springs,2,Lee's Summit North,0
2018-10-23,Platte County,2,Staley,0
2018-10-23,Park Hill South,1,Park Hill,2
2018-10-24,Lesterville,2,Winona,1
2018-10-24,Crane,2,Hurley,0
2018-10-24,Crane,2,Galena,1
2018-10-24,Hurley,2,Wheaton,0
2018-10-24,Adrian,2,Rich Hill,0
2018-10-24,Adrian,2,Drexel,0
2018-10-24,Rich Hill,2,Hume,1
2018-10-24,Santa Fe,0,Sacred Heart,2
2018-10-24,Santa Fe,2,Concordia,0
2018-10-24,Lutheran (Kansas City),2,Midway,1
2018-10-24,Lutheran (Kansas City),2,Archie,0
2018-10-24,Midway,2,Crest Ridge,1
2018-10-24,West Platte,2,St. Joseph Christian,0
2018-10-24,West Platte,2,Wellington-Napoleon,0
2018-10-24,St. Joseph Christian,2,North Platte,0
2018-10-24,Malden,2,Portageville,0
2018-10-24,Arcadia Valley,2,Jefferson (Festus),0
2018-10-24,Arcadia Valley,2,St. Vincent,0
2018-10-24,Jefferson (Festus),2,St. Pius X (Festus),0
2018-10-24,Duchesne,2,Brentwood,0
2018-10-24,Hermann,2,Montgomery County,0
2018-10-24,Hermann,2,Hallsville,0
2018-10-24,Montgomery County,2,New Haven,0
2018-10-24,Cole Camp,2,Windsor,0
2018-10-24,Cole Camp,2,Sherwood,0
2018-10-24,Windsor,2,Versailles,0
2018-10-24,St. Paul Lutheran (Concordia),2,Lexington,0
2018-10-24,St. Paul Lutheran (Concordia),2,Trenton,1
2018-10-24,Lafayette County,1,Lexington,2
2018-10-24,Bishop LeBlond,1,Lawson,2
2018-10-24,Bishop LeBlond,2,Plattsburg,0
2018-10-24,Mid-Buchanan,0,Lawson,2
2018-10-24,Lutheran South,2,Notre Dame (St. Louis),0
2018-10-24,Lutheran South,2,Bishop DuBourg,0
2018-10-24,Affton,1,Notre Dame (St. Louis),2
2018-10-24,Springfield Catholic,2,Miller Career Academy,0
2018-10-24,Springfield Catholic,2,Soldan International Studies,0
2018-10-24,Miller Career Academy,2,Cardinal Ritter,1
2018-10-24,Visitation Academy,2,Villa Duchesne,0
2018-10-24,Visitation Academy,2,John Burroughs,0
2018-10-24,Villa Duchesne,2,Westminster Christian Academy,0
2018-10-24,Incarnate Word Academy,2,Orchard Farm,0
2018-10-24,Incarnate Word Academy,2,Trinity Catholic,0
2018-10-24,Orchard Farm,2,St. Charles,1
2018-10-24,Helias Catholic,2,Blair Oaks,0
2018-10-24,Helias Catholic,2,Osage,0
2018-10-24,Blair Oaks,2,California,0
2018-10-24,Mt. Vernon,0,Aurora,2
2018-10-24,Mt. Vernon,2,Reeds Spring,1
2018-10-24,Seneca,0,Aurora,2
2018-10-24,Pleasant Hill,2,Oak Grove,1
2018-10-24,Pleasant Hill,2,Odessa,0
2018-10-24,Nevada,1,Oak Grove,2
2018-10-24,St. Pius X (Kansas City),0,Excelsior Springs,2
2018-10-24,St. Pius X (Kansas City),2,Richmond,0
2018-10-24,Excelsior Springs,2,Northeast (Kansas City),0
2018-10-24,Jackson,0,Farmington,2
2018-10-24,Jackson,2,Poplar Bluff,1
2018-10-24,Farmington,2,Hillsboro,1
2018-10-24,Cor Jesu Academy,2,Oakville,0
2018-10-24,Lafayette (Wildwood),2,Marquette,1
2018-10-24,Lafayette (Wildwood),2,Parkway Central,0
2018-10-24,Marquette,2,Parkway West,0
2018-10-24,St. Joseph's Academy,0,Ursuline Academy,2
2018-10-24,Timberland,2,Ft. Zumwalt West,0
2018-10-24,Eureka,2,Northwest (Cedar Hill),0
2018-10-24,Eureka,2,Rolla,0
2018-10-24,Northwest (Cedar Hill),2,Washington,0
2018-10-24,Ozark,2,Nixa,0
2018-10-24,Ozark,2,Parkview,0
2018-10-24,Kickapoo,0,Nixa,2
2018-10-24,Blue Springs South,2,Hickman,0
2018-10-24,Blue Springs South,2,Rock Bridge,0
2018-10-24,Hickman,2,Grain Valley,0
2018-10-24,Lee's Summit West,2,Lee's Summit,1
2018-10-24,St. Teresa's Academy,2,Blue Springs,0
2018-10-24,Liberty,2,Kearney,0
2018-10-24,Liberty,2,Winnetonka,0
2018-10-24,Kearney,2,Liberty North,0
2018-10-24,Platte County,0,Park Hill,2
2018-10-25,Holcomb,2,Summersville,1
2018-10-25,Maplewood-Richmond Hts.,2,Hancock,0
2018-10-25,Maplewood-Richmond Hts.,2,Gateway Science Charter,0
2018-10-25,Veritas Christian Academy,1,St. Joseph's Academy,2
2018-10-25,Veritas Christian Academy,2,Pacific,0
2018-10-25,St. Joseph's Academy,2,Lutheran St. Charles,0
2018-10-25,Pembroke Hill,2,Cristo Rey,0
2018-10-25,Maryville,0,Sparta,2
2018-10-25,Pattonville,2,Hazelwood West,0
2018-10-25,Pattonville,2,McCluer North,0
2018-10-25,Hazelwood West,2,Hazelwood Central,0
2018-10-25,St. Dominic,1,Francis Howell,2
2018-10-25,Carthage,1,Carl Junction,2
2018-10-25,Carthage,2,Joplin,0
2018-10-25,Webb City,0,Carl Junction,2
2018-10-27,Advance,2,Bernie,0
2018-10-27,Billings,2,Lesterville,1
2018-10-27,Calvary Lutheran,2,Adrian,0
2018-10-27,West Platte,2,Sacred Heart,1
2018-10-27,Bernie,2,Holcomb,0
2018-10-27,Valle Catholic,0,Advance,2
2018-10-27,Blue Eye,1,Lesterville,2
2018-10-27,Billings,2,Crane,0
2018-10-27,Adrian,2,McAuley Catholic,0
2018-10-27,Calvary Lutheran,2,Green Ridge,0
2018-10-27,Lutheran (Kansas City),1,Sacred Heart,2
2018-10-27,Rock Port,0,West Platte,2
2018-10-27,Arcadia Valley,2,Bloomfield,0
2018-10-27,Hermann,2,Duchesne,0
2018-10-27,El Dorado Springs,0,Liberty (Mountain View),2
2018-10-27,St. Paul Lutheran (Concordia),0,St. Michael the Archangel,2
2018-10-27,Bloomfield,2,Malden,1
2018-10-27,Maplewood-Richmond Hts.,0,Arcadia Valley,2
2018-10-27,Duchesne,2,Lutheran North,0
2018-10-27,Fatima,0,Hermann,2
2018-10-27,Winona,0,Liberty (Mountain View),2
2018-10-27,El Dorado Springs,2,Sarcoxie,0
2018-10-27,St. Michael the Archangel,2,Cole Camp,1
2018-10-27,Lawson,0,St. Paul Lutheran (Concordia),2
2018-10-27,Lutheran South,2,Festus,0
2018-10-27,St. Joseph's Academy,2,Incarnate Word Academy,1
2018-10-27,Logan-Rogersville,2,Helias Catholic,1
2018-10-27,Excelsior Springs,0,Pleasant Hill,2
2018-10-27,Festus,2,Ste. Genevieve,0
2018-10-27,Springfield Catholic,0,Lutheran South,2
2018-10-27,Incarnate Word Academy,2,Visitation Academy,0
2018-10-27,Kirksville,0,St. Joseph's Academy,2
2018-10-27,Webb City,0,Helias Catholic,2
2018-10-27,Aurora,0,Logan-Rogersville,2
2018-10-27,Pembroke Hill,0,Pleasant Hill,2
2018-10-27,Sparta,0,Excelsior Springs,2
2018-10-27,Lafayette (Wildwood),2,Cor Jesu Academy,1
2018-10-27,Eureka,2,Francis Howell,1
2018-10-27,Blue Springs South,1,Willard,2
2018-10-27,Liberty,0,St. Teresa's Academy,2
2018-10-27,Cor Jesu Academy,2,Farmington,0
2018-10-27,Ursuline Academy,0,Lafayette (Wildwood),2
2018-10-27,Francis Howell,2,Pattonville,0
2018-10-27,Eureka,2,Timberland,0
2018-10-27,Ozark,1,Willard,2
2018-10-27,Blue Springs South,2,Carl Junction,0
2018-10-27,St. Teresa's Academy,2,Lee's Summit West,1
2018-10-27,Park Hill,0,Liberty,2
2018-11-02,St. Michael the Archangel,2,Liberty (Mountain View),0
2018-11-02,Pleasant Hill,0,Logan-Rogersville,2
2018-11-03,Calvary Lutheran,0,Advance,2
2018-11-03,West Platte,2,Billings,0
2018-11-03,Arcadia Valley,1,Hermann,2
2018-11-03,Liberty (Mountain View),0,St. Michael the Archangel,2
2018-11-03,Lutheran South,0,Logan-Rogersville,2
2018-11-03,Pleasant Hill,0,St. Joseph's Academy,2
2018-11-03,Eureka,2,Lafayette (Wildwood),0
2018-11-03,Willard,1,St. Teresa's Academy,2
